x1,x2,x3,x4,x5,x6,y
-0.1296562672143305,0.10004091884583009,-0.6836858797839441,-1.0,1.0,1.0,6.944283940539067
0.6702912338420217,-1.0,-0.5944142308501359,-0.08096112999906024,-1.0,-1.0,4.504367718038477
-0.8583424553023766,0.5388736868243437,-1.0,0.8243750686617243,0.14993627469675386,-0.4033622261228122,-0.27114085739554
0.231968700089634,0.6815202087870937,1.0,1.0,0.7497913490908086,-0.06330020652856412,-3.5890011107737383
-0.9782769039176971,-0.9145621814850079,0.6088668729976308,-0.6721891376245306,0.9914874511119276,0.5223359626225823,1.2855407677940651
1.0,0.9642362782370391,1.0,1.0,-0.7753722625682237,0.3279858825147424,2.4152305292348712
0.07565038195138209,-0.6057739479836677,-1.0,-0.706211714553882,0.20853535607156287,-1.0,3.1255926454433047
-1.0,1.0,-1.0,-1.0,-0.30934131841944545,0.6239574233266374,4.978127852613147
-0.784947953342902,-1.0,-1.0,-0.8230423772902289,-1.0,-0.13423966387768477,-2.296615342055186
-0.24581563417126787,0.485060531559408,1.0,1.0,1.0,-0.4564401548517643,-0.6695387360305689
-0.1609199250830744,-0.6132645151746771,-1.0,0.12642130167737242,0.25510453703671276,-0.003479861895512193,-0.23418513302541272
-1.0,0.17356883952249347,-0.7638860984854665,-0.7761000546713024,0.006842687842367301,0.37256872070781033,0.30804758615963257
-0.05597839661072124,1.0,0.33745243980610673,1.0,-0.14025991889350609,-0.7093258178856617,0.8877708950436032
-1.0,-1.0,-1.0,-1.0,-1.0,-0.8879532613405696,3.8984603659768835
-0.6788340966722933,0.033688583343880696,0.8201905902742931,0.5728308464701587,-0.6194951126997189,-0.175335955885716,-0.8919846105019713
-1.0,-0.29272621451929837,-1.0,-0.6282104214932864,-0.8408285302765045,-0.021891628482571535,-2.3170212012810385
-0.7652104811139608,0.03279105981102426,1.0,-0.4458117270306066,-1.0,-0.33881405693136046,-2.1090951071356026
0.24411216364483868,1.0,-0.5369056808062562,0.5354935422167213,0.8340638480989289,1.0,5.193109617658892
-0.6604320517609432,-0.8808102968113654,-1.0,-0.38431441307360936,1.0,0.9732640409949374,3.993160893606931
-0.03528961912284834,0.6275240142237513,0.23766476868699038,-0.7686670354340825,0.7654881629000267,0.5535033891895395,2.115438417031137
-0.16197761490560908,-0.6599794300231693,-1.0,-0.3150447560028159,0.9547486373215671,0.32535065965729437,-0.8666728830069188
-1.0,-1.0,-1.0,-1.0,-1.0,-1.0,3.9155051335582987
1.0,0.4018448085244519,0.778019069128721,-0.19759024116738477,1.0,0.7019247323750883,-3.485869148951841
-1.0,-0.2621934525745817,-1.0,-0.7292899392178935,-0.40304594109422165,-0.9151343141230208,3.7122467596678925
-1.0,-0.21938656642146914,0.05254684484098149,-0.4473045577753846,-0.3970972140951775,1.0,-1.459606567169238
0.3123199384256272,0.00252666817032543,0.15314251268156687,-0.5534967570402289,1.0,1.0,2.7724718509585067
1.0,0.14999610142280745,1.0,1.0,0.6255068414252464,-0.2066602279464973,-1.9223180543484002
-1.0,1.0,-0.13971620495801423,1.0,0.23970016161080265,-1.0,2.510286884015479
-0.3604552253654952,-0.31352491549245254,0.4083749543198337,-0.5074585818843357,0.610232458250255,0.6310339372388463,0.781961385016259
-0.6488986063926876,0.5246652097228658,-0.9433131561239068,-0.7606751663927525,-0.353976476887995,-0.8272558790835421,0.3321961844931459
-0.9645549979310348,0.4685421166975307,1.0,1.0,0.7097669701765941,1.0,-4.593122875600077
0.03312190416196281,0.08317422267812868,-1.0,1.0,-1.0,0.026141464526770908,-1.4524296316297223
-0.9204361165078927,-1.0,-0.5449171705199103,-0.17077065022046523,-1.0,-1.0,1.146331189642909
1.0,0.21632811719589573,0.5648460274323017,1.0,1.0,-0.48982485635605566,-2.4560182301574596
0.4324993315314548,1.0,-0.21568593059543512,1.0,-0.8815380147494749,0.039092608859314204,3.9685531760984962
1.0,1.0,0.12006814023953671,1.0,1.0,-1.0,0.7529284252014312
-0.6640675472834148,0.8237220505980348,0.5882188422163073,0.2667726413802274,0.05941201554753334,0.6279322966244428,-1.0762445011794175
-1.0,-1.0,0.025166825156798245,-0.602208354806441,-0.01244518643170367,-0.057103311878131224,0.13966215342263355
-0.8014311003179132,-0.2536477302720745,-0.15696068324397605,-1.0,0.11953409105877763,0.04559829777401292,1.0910895022413252
-1.0,-0.8458405661111212,-0.8952514975850958,0.5998682432908226,-0.05807047901026796,-0.09992453893955844,-3.3264728399517
1.0,0.490120493221262,0.2586264935787525,0.184602948883412,1.0,-0.013666049048225881,-1.7866637481464809
-0.2840390971368467,1.0,0.8566723927096718,0.2943331372450013,0.3506336963505504,0.3087100529484763,-1.8908276324249214
1.0,0.31624327293625565,1.0,1.0,-0.30934441648756283,0.2730417153625334,0.7916645906876741
-1.0,-1.0,-1.0,-0.32270929497350076,-0.30916347203061956,-0.19429370501761611,-5.234620157194107
1.0,0.11130582540268863,1.0,1.0,-0.6061767042871978,1.0,0.2199550746213428
-0.8596628968769976,-0.9004986944976591,1.0,-1.0,-0.15586555735236618,-1.0,5.73644206507719
-1.0,-0.7617277520792765,-0.9461720865647555,-1.0,0.020897203118192875,1.0,0.23791745023761768
-0.3987974071844457,-1.0,-1.0,-1.0,0.45410841856234274,-0.6951125961870798,-0.8812708052523739
1.0,0.06329909292798175,0.5761123735239633,1.0,-0.7520378912927526,-0.7724923013940439,5.16698420640445
-0.8517673384835593,-0.8125008907873674,-1.0,-1.0,0.5962676640240548,0.004275224518811127,-4.525578190257114
0.9197278535341823,-1.0,-0.608708586561363,-1.0,-1.0,-1.0,12.073483896230755
-0.836632397309293,-0.9629606534576478,-0.5830110590256306,-0.7656653996614631,-0.5217406186623972,-0.17211103664008665,-1.483795069238853
0.27687700331024256,-1.0,-0.624705098716702,0.18972770885685963,0.0520884581042933,0.7978513996432168,0.05494460907439541
0.39278455108421895,0.30224456878178685,-0.8013183990687909,-1.0,1.0,0.35131821373797634,0.7401912622584377
1.0,1.0,0.15092658388094615,0.987055962872077,0.5372304397891057,1.0,-0.02354753572632351
-1.0,-1.0,-0.02357720336597502,-0.18041124210477077,0.8151951301804603,-0.48352626734651183,4.193100942898544
0.8044962161827623,0.4126553188302511,1.0,0.611179270746386,1.0,1.0,-4.926444085429428
-0.8777492606248084,-0.24747015248864568,-1.0,-0.6232635312572683,0.638319217968695,-0.6770936455973753,1.7356714591225941
0.16249781087848147,-0.13689381298161032,-0.567415264745935,-0.09114646067989637,1.0,0.8019462415175096,1.6443363592384475
0.5052044734012962,-0.12658597192573204,0.28163276565489015,0.9522648450067358,0.38773964140968153,0.12701140294634738,-0.5574785864061421
0.13156136950331188,-0.3836444417870853,0.8391077815360388,-0.6649082969936679,-0.11124096887835538,1.0,-0.7107105265704594
0.8291223101789453,0.27268010479301563,1.0,0.7379514749709304,0.9706869068713126,-1.0,-2.2949831765757587
0.5339612035369283,0.6634328995645755,0.5093661403590221,0.22828794093072746,-0.09790892741909585,0.35159520264385574,-0.6730246612266156
-1.0,-1.0,-0.6635325010335101,-0.3535740387337596,-1.0,-0.46659429342592107,-1.7133306233303112
-0.010991705064786528,-1.0,-0.6087438376645173,-1.0,0.20771663490684533,-0.03465124136657152,-1.4973030924771291
0.22723292996786265,0.025124268707811898,1.0,0.012058489277282453,-0.7476332620373027,-1.0,1.0791878650296567
0.41454467105155013,-0.6699436324751682,-0.9837275901356441,-0.7471274760123925,-0.8947831393501071,0.2990352244483093,2.1342138294681954
1.0,0.23212211052380383,0.5236429892059136,0.7999860525642035,-0.3583878205483675,0.37788831915148297,1.4470872384575029
0.509488252434676,1.0,-1.0,-1.0,1.0,1.0,11.952489673473607
0.3797693673931614,-1.0,-1.0,-0.5071591201240742,-1.0,-0.44843326932730243,2.540585920932417
0.8994949113929098,-0.11043413226159085,0.3573813474811187,-0.2156183513667015,1.0,0.20039340510735715,-3.2590789967110663
0.5172786758931477,-0.585652034734435,1.0,-1.0,0.19693540176456542,1.0,-5.545271310001301
-1.0,-0.623917343362165,-1.0,-0.7563850770031508,1.0,0.3648333036931084,-4.238108610890733
0.6749566056764835,-0.43106416251971746,0.6792089709037987,-0.10236173461819542,1.0,0.7321453179185112,-2.710512302829388
0.1874498427150451,-0.8201269659875732,1.0,1.0,-1.0,0.3625531758411743,1.6782702893740977
-0.6552453206082113,-0.584755476375783,-1.0,-0.2776560672567915,-0.35571940606565294,0.8525631868003207,2.8112432841678836
0.9428506023478923,0.4065259602200586,1.0,0.3805449029177628,0.8466538320989322,-0.4497256742503314,-2.3362563877725573
-0.40615304814149283,0.19562350125071967,0.047674014684602084,-0.26273383995432015,-0.17059269115337167,0.6677171954906177,0.5170471327973735
0.6125797272262758,-0.6772032948991049,-0.7356773906913086,-0.43161735432978243,0.31814224391247836,1.0,1.543048039282314
-0.9664410026911749,-0.7180249314637865,-0.6673215219981881,-0.845980196587967,0.4259376834489912,-0.11742780730981933,-1.0090921176254382
0.30079233331333827,-0.38269711426026903,-0.01903617706872192,0.910528185253968,-1.0,-0.628190267614541,3.264827069856422
-1.0,-1.0,-0.22352066205897114,-1.0,1.0,1.0,1.1281310788304193
0.9708730306659128,1.0,-0.3170459645047931,0.13813132936170858,0.23156017175704613,0.5912889849532723,1.8932389038172985
1.0,1.0,0.9367443674689082,0.43270145764975587,-0.27909705499928883,-0.09030237866962865,0.12782173149530363
-1.0,-0.9957819308055389,-0.5479580446244888,0.046395485225918104,0.5420852779371423,0.9507171035697917,2.187873037069975
-0.1550464433353148,-0.25285127772361715,-0.9825252132306947,0.004293619658824771,0.07476983608382226,0.7575686280955483,3.175148566060984
0.6254994816181614,0.5661081869568567,1.0,1.0,1.0,1.0,-5.042232391203599
-0.0491000958821588,-0.7195704439292041,-1.0,-0.6177753683132303,0.5406049320928045,0.4953605597630719,-1.180937912844676
-1.0,-0.055776804610459196,-1.0,-0.8177461306278042,-0.5567615804022094,-1.0,3.069281374319343
1.0,0.796609098928948,1.0,1.0,0.9202256106440239,0.36490791145747403,-8.488057873808824
-0.32455458121164016,-1.0,-0.6425062249100815,0.41960618255774756,0.6922366760945298,0.40471365086505384,-0.46967987542084544
-1.0,-0.85736518458074,-1.0,-0.5053878725111522,1.0,1.0,3.0071459359087904
0.13377010543668624,0.7226293732794495,-0.6019960227073893,0.5324627014838137,-0.014876871399796432,-1.0,2.09054503002541
-0.9629758320842812,0.12057130273986183,-0.2929391605456333,0.3171202335203534,0.6253374656356545,1.0,5.7968514354015666
0.6868075204273963,0.7315181917182446,0.12179700029266291,0.7239602409192847,0.5881837790393374,-0.3134007605618159,0.4298858600300912
-1.0,-0.7213010604862917,-0.3897044455209989,-0.26282042958531093,0.29839008841117076,-0.10638092923136733,0.34804654558047304
-0.9868176513578006,-0.536958406790604,0.4205511420427428,-0.7591755064986907,-0.11272363073802572,0.5812456339491046,-2.5317671983369987
-0.7646272143072956,0.0618071855352596,0.8476127010881925,1.0,0.3130113229291829,1.0,-0.835844336187575
-0.5817408797284784,-1.0,-0.9164995804813125,-0.19963400037016088,0.7056134548102974,1.0,3.139437873785337
-0.18243777658188698,-0.0038528076837975878,0.17052015563614684,1.0,0.9380684837258428,1.0,5.468832706737643
-1.0,-1.0,-1.0,-1.0,-1.0,-0.7563492536641158,3.486417387820935
-0.19080956091190227,-0.41488975159108654,-0.14290278638245046,-1.0,-0.30483583470611797,-1.0,4.154488484604764
-0.8749627725496234,-1.0,0.1111097182587476,-0.06663339914449445,-0.8064095066274335,-0.8833343623875816,2.0110960587573854
0.6248235736294031,0.6813857889921864,-0.3203760584432472,0.17851004470149584,1.0,0.8587099040717694,1.928432773643505
0.32421652233628784,-0.6489602786671312,0.3328593233465723,0.55221245098776,0.22935821916735466,-1.0,3.902012644234119
1.0,0.09599576393994047,0.23662255368237317,1.0,0.938730394024812,0.8697501781688417,0.5673047467761113
-0.5534534630426653,0.8680892391111288,-0.7475542377447528,-0.34749143249308906,-0.10053148648973265,-0.14436578621493934,0.6700577546175317
1.0,-0.3535449020729782,-0.4448115746048808,0.1862698426074605,0.7028226290242362,1.0,0.16152139254278058
0.015658482495797488,0.9604757997764926,0.4644464828948134,0.7602493833524366,-0.3537537208371162,0.9600973189584978,0.3783167712655111
0.2191347226553172,0.6617579097878898,-0.3537802808361702,0.019361215953032862,0.774547696050406,-1.0,0.9443361094793064
0.4771925915030627,0.3875989591976472,0.4691330145671383,1.0,-0.2597209420829444,-0.5388140095154801,1.7538042532591478
1.0,1.0,1.0,0.7363916999394611,-0.7176496127122926,0.2302617099379486,-0.008258363800866864
0.5052312797858166,-1.0,-1.0,0.4060450499309895,-0.49843751879008713,-1.0,1.5856364179292801
-0.45216460012983795,0.237181599433472,-0.9639068819332027,0.4144244917843361,-0.4447572234716908,0.1825573355645106,0.15983217334256727
-1.0,-0.03839364500947562,0.16365131444638492,-0.34878482089457624,-0.12441776856105924,-1.0,4.138453929838746
1.0,0.5689793763750222,-0.7157018078603323,-0.0882309469119179,-1.0,0.18074434976786063,3.200192373572793
0.24192215494442681,0.511015514858629,1.0,0.2350107881688841,0.4619641685417133,-0.5656852986297576,0.730430785959741
0.5988649895787563,-0.10740739443070499,0.8068503132612262,-0.8997064464587268,-1.0,1.0,4.812524235312051
-0.2664480442528137,1.0,0.030325639302739515,0.0036631682288717493,-1.0,-0.8806273300119424,-1.2738906803750025
-0.31430263610173037,1.0,1.0,1.0,-1.0,-1.0,0.6736914797811369
0.4110206515608609,-0.9225607575714372,-1.0,0.031982254886298245,-0.8999652030475844,0.29229303553023833,-0.1256508947019922
-0.393576069271728,-0.5979056239891034,1.0,0.11688358896325668,-1.0,-0.25579634015682473,-0.5794310677684136
-1.0,-0.30906135915666066,-0.6898519831742533,-1.0,0.3578448389002684,0.9273845890081729,2.0509214082203324
-0.4233152103171678,-0.36213939764566827,-0.22185628003348812,0.035836317504014614,-1.0,-0.9768362313384025,0.202066904947493
0.562211494142228,-0.855450622261131,-1.0,-0.20512513508213148,-1.0,0.4970020318066178,3.125378130428322
0.26734146540922993,-1.0,-0.9410579075831256,-0.9534444408782825,-0.8288942031673687,-0.16366624501940089,2.5743061006710106
-1.0,-0.7994416766980585,-1.0,-0.11551470667095809,1.0,1.0,5.720662726709952
-1.0,-1.0,-1.0,-1.0,0.5491388165265044,-0.7439744335174765,-1.6117481779960288
-0.3394496426480435,1.0,0.4237218614707673,0.18983015117234459,-1.0,0.11577515544019806,-1.2972153874172134
0.5336443803702826,1.0,-0.5299101831956059,1.0,-0.5365599344529656,-1.0,7.057014136449718
0.08166933984978375,0.7919643166518799,1.0,1.0,-0.2160585592314096,0.780174572367443,-5.453334851663528
-0.12132300834232294,-0.3102512868926278,-0.4839742816629586,-1.0,-0.6444845147138616,-0.007452095410036996,0.5356804841820978
-0.48779773238129076,-1.0,0.5599848282127032,-0.09797860750561177,-0.3360323188411495,-0.08301593738733415,1.2700936897725443
-0.6662994448909952,-0.6629621630879194,1.0,0.5178954701430414,-1.0,-1.0,-0.45863011034542284
0.1934988860730661,1.0,0.19600227000193626,0.19406040995452095,1.0,-0.3198778075436599,-0.7509311722563693
0.943314130724919,0.36240263717214877,0.8041186463456482,-0.4547881164436219,-1.0,0.2029900073731874,3.3945988208270492
-0.9749068114179495,-1.0,-0.5283790602389166,-0.4849156810018331,0.03519752522003716,0.30745813184471693,-3.3216643848320277
-1.0,-0.06821331805630404,-0.17526173710640158,-0.36923698192737353,0.31424481102182844,1.0,3.121827801118429
1.0,0.6095829390434349,-1.0,1.0,1.0,-0.4870994261563647,-3.5670272928076434
1.0,0.41173080690902714,0.335444449002001,-0.15204936620569348,0.5344126098306348,-0.8016705698525145,0.4892514049668236
-0.8247122726604541,-0.0576078392613083,-0.41007497822813366,0.13999844656175048,1.0,1.0,6.22709329865827
0.8749418579256277,-0.18183289962353344,0.9835009760096415,0.10371285876580882,0.11655609891137186,-0.158565314126887,0.4379964610717956
0.2866152934075207,-0.55046192213829,0.768324989646725,1.0,-1.0,0.46082154764623495,0.7144250796315648
-0.29955555934106814,-0.48396644410792744,-0.9713138776682286,-1.0,-0.9139934985703224,-1.0,3.83496317151721
0.1057674172426798,0.3795602745673796,-0.8851718474374568,0.16308102309446465,-0.07274326967737543,0.12878344129366553,0.7361442039342903
-0.321329916946427,-0.5951272502561562,-1.0,-0.035423411760509005,-1.0,0.1937803776058561,-2.2978005500806193
1.0,1.0,1.0,1.0,-0.6793364657815861,1.0,-1.2903276831009383
0.48600180446675345,0.04761812712911018,-0.09494966798208981,0.30619926568715033,-1.0,-0.7795405345553091,2.6463524154167195
0.44851538578639966,-0.3649267897441954,-0.13656215356684237,0.6663076857227846,0.25763936810873056,1.0,2.9562500052580156
-0.4310579100131475,-0.7870297314235262,0.41264078768876217,-0.4179443145970797,-1.0,-0.5084784172772909,2.5154033582132955
0.9449166890256897,-0.1521526534596127,0.8701500429941782,0.30194334768299136,0.7092092802140663,1.0,-4.007769937434721
0.2836712032268782,0.34197507326740895,0.06476133982162513,0.9088386868213033,0.7169447467840477,-0.4774400225831745,-0.07418088475933729
0.5673931366569641,0.9123806527281291,0.01640299332391676,1.0,-0.5879508609904677,-0.3007508281582272,3.273063818524203
-0.9155810429502542,-0.504834253347302,-0.10436037758584728,-1.0,-0.9372794594421086,-1.0,2.1740889432850667
0.07026409458651062,-0.8035971174589663,-0.1257323124946017,0.13702502848712184,0.02592612158881913,0.1897897575325696,-0.6591399206253398
0.14567861505599888,-1.0,-0.917073049191053,0.012793782545099022,-1.0,-1.0,2.3575397316357622
-0.07796112784532494,0.02908786818491005,-0.03311728388204771,0.4765550788576127,1.0,0.27803227223019994,0.7882222739074665
1.0,1.0,1.0,0.016347128268100253,-0.1452027868206922,0.8239025067599658,-2.9572025610532577
0.10140247361711505,0.21054681723392188,-1.0,-0.1131122648839086,-0.4913622426310627,-0.047763123288806164,0.12904291279977753
1.0,1.0,0.12727382360113015,1.0,0.36639413318525016,0.09054515765138726,-1.1166578215646767
-0.7978485809584681,0.8443678445008013,0.4634706568419663,-0.06035279101125368,1.0,0.28137685568578985,1.5974599416801394
1.0,1.0,1.0,1.0,-0.5554478641035417,-0.411055886475831,2.102033879375188
-0.033465996229104955,-0.9380862467802499,-0.4967658860058648,-0.7804520131129401,-0.5402187517098699,0.35551706258531945,-0.14194946112673362
-0.8720907029321288,-1.0,-0.5204355926138935,-1.0,-0.1756865616714487,0.7849333728449404,-3.1657155810639463
-0.07485034600938989,0.35377329072067776,0.44040601342007757,0.940015137270077,0.952575739271343,1.0,2.896543922615916
-0.49320186853051273,-1.0,-1.0,0.2384561265736846,-0.17718743003460144,-0.1522736322358706,-3.8235363454630793
-0.8281798435784069,0.26935766991867593,-1.0,-0.1344664533378888,0.7616417764008898,1.0,10.251155248939705
1.0,0.58236945953412,1.0,1.0,-1.0,-0.05946409910897743,3.9791065630082536
-0.07305970285235652,-1.0,-1.0,-1.0,1.0,-0.05549345898510882,-4.653104843360953
-1.0,0.9210965819115597,1.0,-0.06854715394617211,1.0,1.0,-1.3762279417105532
-0.11895230987532823,-0.9393472415039938,-1.0,-0.9597952271205048,-0.6231919326343023,0.7018195792683861,0.783127388188589
-0.4090142900554089,-1.0,-0.5415678801009045,-1.0,0.5518044782493645,-0.5180109530653362,-0.25967782248729726
-0.481852696917298,-0.7608436700552124,0.580705897304177,0.21116856968479225,1.0,0.6329123858271996,0.3619086305330037
-0.7597512209224009,-0.79970067872673,-0.577705735076034,-0.1870958977633177,-0.4396102080504196,0.2266230600908828,-1.2299710058827364
-1.0,-1.0,-1.0,-0.51225650562988,1.0,0.4601022798484322,-4.465440000202879
0.07227965467831948,-0.9445662896802669,-0.6562347658574541,-1.0,-0.10617279361718135,-1.0,3.980415833753497
1.0,-0.7921563817996802,0.47148686189082656,1.0,-0.3955462957840461,0.24353266520508865,3.3901716279375465
-0.7082304652227274,1.0,0.7485843206932148,1.0,-0.8421989070932496,-1.0,0.9328412172437273
-1.0,-0.18865161061377633,-0.13909499439453532,-0.09504303506455569,-0.41759236155006974,1.0,-0.6925301433804022
1.0,1.0,0.9826850046894101,-0.42357973976882635,1.0,-0.5370888306705303,-3.672946009802971
0.4380207445225097,0.8122358762480208,1.0,1.0,-0.3992718087303312,0.9280714059424104,-3.5694966004641926
0.5374098053809224,0.5092341299712567,1.0,1.0,0.7609482016482014,0.17995179977575293,-4.504335017462978
-1.0,-1.0,0.018655561370309187,-1.0,-0.4898518817753067,-0.6022237425743893,2.9905110640038557
0.49106470342454733,0.782351075740573,-0.9108356764343909,1.0,0.9468568809960553,-0.8236132964338052,-2.043623538505041
1.0,0.5591108433550427,1.0,1.0,0.028083464288408078,-1.0,2.9650503381256796
0.7388615752857484,0.8402079969071824,0.764255050971601,0.8618170975434711,0.9111574535706121,1.0,-2.8338373866402726
1.0,-0.02561193471321152,-1.0,-0.5298287536217656,-1.0,-1.0,5.770757977881949
0.060373372360596866,0.700179968967841,0.4779808346262753,-1.0,0.2113878908270994,1.0,2.8936753228296963
0.8280398380317151,0.9832108857760458,-0.23874280079591237,-0.011553145317228286,-0.41666234117822265,-0.22276081820936441,1.4660222263689366
1.0,0.8592419597852134,1.0,1.0,-0.15155912536804383,0.36520435889285946,-1.8504118213098204
1.0,0.7350362216041405,-0.0439658006222341,0.964471963289694,0.09730527541443068,-0.9879970991980235,5.408178000846686
1.0,0.8356689981973222,0.9905947363568721,1.0,0.1825450663587757,-0.011609636940132395,-2.3019525888717363
0.7267615820235274,-0.8784180533164259,0.3085952502935576,-0.6462530462965613,0.2904210682774156,-1.0,7.360308930441416
-0.17131449345229233,-0.14379356043813696,0.6974799092887228,1.0,-0.31220184743618773,0.37004984192030355,-0.8710459889532995
0.18811660399955887,1.0,0.683330952664637,-0.32593101288399606,1.0,0.03613462093744202,-0.7870653444973584
-0.6074027425774382,0.2487682185022111,1.0,-0.02810557878349962,-0.06209701649540594,-0.7366653110761106,1.2935087216342103
0.7588443956934152,0.6652297772139282,1.0,1.0,-1.0,-0.5849343428135114,4.158415715083353
0.9906240579065785,0.3166204752015622,0.06757630728394404,0.3489360882613375,-1.0,0.11116119902737909,3.1404296993178678
0.8918956295126813,1.0,-0.14672105818317083,0.8425042079929526,0.8960708312896478,0.4709846293966182,-2.599017308503825
-0.46015743506907747,-1.0,-1.0,0.3288824692490584,-0.48548895891664523,-0.9908970244232693,0.48637237277637124
0.15511321592134641,0.06211086012800493,1.0,0.42935723793690705,-1.0,-0.8957030603757985,1.1985566680183897
1.0,0.41705560612136783,-0.5281813446932032,0.6415958352656308,-0.6432393964835639,-1.0,6.759184446161532
0.5247055936733844,1.0,0.9499471529387251,1.0,0.9896044563555471,-1.0,-5.019658286588794
0.6005765062096452,-0.8339892974544206,0.20666893520078783,0.5672374163084349,-1.0,-0.40915713557610456,5.313077565724042
-1.0,-0.5220283705758804,-0.35963054134064,-1.0,0.3064430888176449,-0.6857915661759039,2.931816641367508
-1.0,-1.0,0.5318539080161122,-1.0,-1.0,-1.0,6.894872894421323
0.3656935207831701,-0.017287319400911938,-0.9461676699118189,0.3452692211878183,1.0,-0.5084927462497031,-1.6527566216805023
-0.9312352992928581,-1.0,-0.6189267553719877,-0.9926871603577114,0.07064956596913563,0.23555325555675055,-4.283531119518092
0.04457820253617051,0.17706309340431126,1.0,0.09004494951898506,0.5399340353549538,0.9011088977464312,-1.3569248501737914
0.6546225033216416,-0.32117287708797587,-0.5597483201957915,-0.6723902214175684,0.8180273332127461,0.2936698260191164,-1.3778235191494743
0.711333751983065,-0.49091342152869455,0.6752712995606976,0.5867745551752412,-0.4648726427795956,-0.25237008408994543,0.8327790911132964
-0.6944394942847587,-0.38576507106207425,-0.07452912546183588,0.5714969465636796,1.0,0.45183573610646766,2.1243665175518838
0.09341625676954846,1.0,0.4561806964593209,0.980663756743831,1.0,-0.8532967643345801,-2.262443192932502
1.0,0.13645155149119748,1.0,1.0,1.0,0.057272705501086874,-5.106979974053147
-0.2199103579181798,-1.0,0.039386526569323815,-0.9257807695164741,-0.014114476955753075,-1.0,6.130700445023811
0.9014229859593605,-0.8905241169150906,-0.2416452856023772,-1.0,-0.4031804193500248,-0.4394640757111367,4.821302591954845
-0.3681724156846154,0.1744566708996711,0.5753456060021627,-0.6026068299033541,0.9825596414919129,-1.0,3.6832057467444814
0.6117620406956098,0.27808101794918716,-0.5895109143075549,-1.0,-1.0,-0.8740525467066116,4.0375120477536965
0.5477790013494721,-0.38823333043076846,0.4877590335168148,0.18657604978267622,-0.4301513243150985,-0.33292365637480925,1.5113744005311842
-0.8679760538786875,-0.29259070015281696,-1.0,-1.0,0.8408875845208532,-0.9662887806223757,5.56099797662123
1.0,0.004141597901540783,0.584208698201542,1.0,1.0,0.840649515743999,-3.5105915288724816
-0.7058958399017158,0.3379011543621049,-0.27048870067253206,-0.41293396152854045,-1.0,0.5954071059472669,-0.41468398088689673
0.8233942905247631,0.014974827017785186,-0.7378772214714301,-0.04037262324536295,-1.0,-1.0,4.02407571316498
-1.0,-0.021081303300082066,-0.9507562917609736,0.19500817031990847,-1.0,-1.0,-0.05686854158635235
0.8360969226668762,0.39779478415881986,-0.6480506896757066,0.2740232532626722,-0.09635115324898631,0.9600628308366795,3.547772507649761
1.0,0.5510940408533893,1.0,0.8607977195104639,-0.24929117341264417,0.08647623472169175,-0.29869429263308206
0.050049455311636626,0.8546535271203515,0.5214782209875367,1.0,1.0,0.25400800678923696,-1.9637326523408407
0.40226380605441947,-1.0,-1.0,-1.0,0.45709803148309824,1.0,-2.713735034753143
-0.5182829785803111,-0.8863079772736125,-1.0,-0.7198617761537227,1.0,0.5303073269689672,-2.845194493536991
-1.0,-0.949803729686059,-0.6205380111210511,0.08214227786757455,-0.30607150670427796,-0.34424433301659674,-2.1597224007128295
-0.9426646046126583,-0.7222041630695988,-0.413211439057872,-0.31597220296134265,-0.48169200266082135,-1.0,3.0036709270290727
1.0,1.0,0.8877167227062099,-0.16954939402603972,0.02821327991812561,0.2255144085275984,-1.530804575964581
0.46235927909512986,-0.5308797095494322,-0.7727199976437641,-0.8661383961894067,-0.7561078783727619,-0.44060243045041825,3.1112106049143
-1.0,0.08258789915843523,-0.7167631974295865,0.00574684598472619,-0.41084941361540095,-0.42114530548918183,-0.41440603834756207
0.5179486211068909,0.8663316938173883,-0.792372913739577,-0.5800606577344194,-0.20220656888615313,1.0,8.647427266173853
-1.0,-1.0,-0.15903001030143704,-0.34376365687333144,0.34922497222225335,0.9960059340540438,-0.42909511410922807
-0.05379811958955649,-1.0,-0.817026601516976,-1.0,-0.6180391075304853,0.7365888641431383,0.6952263770476251
-0.25083559092985674,-0.0903972765487759,0.42161766726887434,-0.9383315983329381,-1.0,-0.8495623136626957,1.4595615877794992
0.7591662953558715,0.5821099135301818,0.5104974748789226,0.8054311672580328,0.29479816806903236,-0.06681843481838201,-0.5171203567289404
-1.0,-0.4431341486089926,-0.7394779608550308,-0.25599341711144996,-0.9676837851461979,-0.977676011064414,0.40153267853787006
0.06572780894294206,1.0,0.14713079617971414,0.3407121610119699,-0.035885850215479326,-0.7065149685755043,0.7045552301017273
-0.14178509697920338,0.10918673056824302,-0.2818392331824924,-1.0,-1.0,-0.5522395605759856,1.602478698005593
-0.7133512517583203,0.06048544117926652,-0.97666979016601,-0.058910562006394995,-1.0,-0.36085532531205655,-3.242688582134643
-1.0,-0.38343687166449936,-0.8279574877919522,-0.43829296616977187,-0.9010715322501176,0.298465461210161,-2.236513289027878
-0.9698671487226247,-0.2961030426426545,1.0,0.5694102559968375,0.5837943682437968,1.0,-2.4842041197906584
1.0,0.3864831814948604,0.42557723083314514,0.17195477952703964,-0.9288033194418247,0.7748556361630724,2.8661906889637576
0.013905112581442225,1.0,0.6070152501320565,0.7791221470386562,0.516294014934639,0.1175045256355387,-1.937280405418314
-1.0,-1.0,-0.04091396760545796,0.483831386546191,-0.4536461029976988,-0.7557800209013406,0.7482704507143041
-0.9154735528367801,-0.5130997731968887,-0.9382228582726205,-0.4996484708313269,0.46686785033840317,0.07087373714321488,-1.2595286273224129
-0.7690329178199375,-1.0,-0.5412648810093561,-0.12686345467316995,-0.7864693046195333,-0.18822238451787116,-1.850181845456146
1.0,1.0,0.0752645792703781,0.8911176919048932,-0.6449563959875221,-0.1982629422701253,4.404218416508795
-1.0,-1.0,-0.11941146778533929,-0.4925729093982998,-1.0,-0.6132846997022925,1.1115752224281745
0.6148151609862424,0.1813870364904302,0.9764141720537067,0.24419208112926039,-1.0,0.10391867702381852,1.5527143060309865
1.0,1.0,-0.9815055120451703,0.20700218957791974,0.6711611530136351,-0.48997030686168597,-1.1137597764637577
0.872167433271323,0.7514854366151513,0.13752648289689628,-0.14022271992095647,0.576644097074785,0.6437887961872352,-0.22097420581154975
1.0,1.0,-1.0,-0.043348399529586364,0.939407851407086,0.2863429729450711,-0.44726732819766446
1.0,-0.7612827246230514,0.35222698819213455,-0.25821729224063544,0.3680128757019465,1.0,-1.030507539376373
-0.030156880506801542,-0.712921965472699,-1.0,-0.9715812045449143,-1.0,-0.7920555301892556,3.365728316867834
1.0,1.0,0.23178240063415778,1.0,0.7520882004885328,1.0,-0.7621370247866615
0.8606761484180399,1.0,-0.08034576477160116,0.12920057736984636,-0.6260311340413919,-0.8144283081432758,3.1646909811917343
0.3917902332517366,-1.0,0.28377886035757727,0.6603988934039448,-0.5666876806865948,0.5037490720267632,1.881286803044127
-0.38510175038657757,0.19721356398614392,0.47989021864004244,-1.0,-0.2752489604838828,0.33010200601043904,0.019374404551593782
0.7731624865736738,0.594116811913086,1.0,0.5266199683526716,0.2533987397102129,-0.5351948162838077,-0.038746929218982096
-0.8391001807016911,-1.0,-1.0,-0.31687308658657587,-0.21873076648106193,0.21911722062454309,-4.961085106649831
0.6301592729743137,-1.0,0.28505484180406426,-1.0,0.3384233531762667,1.0,-0.2651041028229484
-1.0,-1.0,-0.3559771410003215,-0.07609557074079176,0.27173405487646707,1.0,0.8308044607772397
-0.6105704379418709,-1.0,-1.0,-1.0,-0.14620222605270888,1.0,-0.6766467440941281
0.18093201458698518,0.40697243336361233,0.7541108880927584,-0.25097970950210957,0.14552102231216618,-1.0,1.5274403313228349
-0.7451237052242908,-0.237616744219775,-0.05335210628699616,0.6097078993540878,0.17340013935053006,-0.5989370609661185,1.57132111270479
-0.004783961540382964,0.04443671513310421,-1.0,0.8526116520814997,0.5458496978564331,-1.0,1.1574705729099568
-1.0,-0.5248295690466787,-0.9613058105319772,-0.5143881148013232,-0.18722903171880778,-0.8344810748391911,3.0595473050093296
0.34120248864887515,-0.9066201639650986,0.3077783404724227,-0.0020019636031577415,1.0,0.38776363472504816,0.006366273154679636
0.5683930410914712,-0.0868648700058332,-1.0,-0.4511706281144017,1.0,0.5877230260761724,-0.9873259896417448
-0.4023873744995332,1.0,0.4907409755449369,0.4173581256098796,-0.12550345774722288,-0.5108132966265548,-1.2090418721382836
-0.2237891151659654,0.6382051891582761,-1.0,0.9560642533572687,-1.0,-1.0,3.4872087841733483
0.11979676351549262,-0.45572717274305125,-0.041448183020285856,-0.6955720020044627,-0.2177283689444277,0.006065810889496759,-0.3011841547436363
-0.31070434410528813,-0.6195145236655529,0.4239596474357163,0.0779449935501687,1.0,1.0,3.565613548603755
-1.0,-1.0,-1.0,-1.0,1.0,0.9005912972217112,-3.752144739667206
-0.6582935100098293,-0.26010526231718,-0.22980605949473176,-1.0,1.0,1.0,6.804937567622421
-0.9610235210207241,-1.0,0.45652924165696723,0.0739976189101022,-0.7163873459103953,-0.5674869179913782,0.4437058621285499
-0.19279956205086823,0.9378022750491173,0.8714305929206685,0.4288524017918961,-0.5939832344457103,-0.01652469112469812,-1.4932577047019766
0.30177586989194183,1.0,0.730685358848113,1.0,0.4035792126637249,-0.48929574919060725,-2.7035418025115576
0.9851565174246504,0.7590674860883304,0.38624774092957215,0.9586365095534799,-0.794792521597343,-0.4915190647116652,5.048171483590386
0.8869078114917197,0.6058817160652711,0.9908997311270313,0.25061063553918483,-1.0,0.37294934738112556,2.1039053741749187
0.8345986827907488,-0.07541312469486189,0.22417859700580722,-0.20782685517832739,-0.2983015841920613,1.0,2.3242724287070495
-1.0,-1.0,0.4710603301504209,-1.0,1.0,-0.6436323411694614,6.52434804211634
1.0,1.0,0.9125512969128957,1.0,-1.0,-0.9907247298769776,10.133941747683508
0.6115803151104192,0.38894595038568924,0.7962360676440141,0.22043042186667494,-1.0,0.1216750664917513,1.4823149874106525
-0.2413100933282184,-1.0,-0.9902431732684567,0.17923242784005672,-1.0,-0.2192245795385228,-3.183051650289616
0.21405691722981435,-0.4268690062097431,0.11633017385159178,0.737274943680095,-0.016624147800905265,-0.7734335920987208,1.0990161382423627
-0.6188624895760797,1.0,1.0,0.7501641045492371,0.3232661039722212,0.1381756246369471,-5.021755067193518
1.0,0.8392438705535661,0.4976605908591439,0.7090321151214047,-0.2179878209497712,-0.8998255976661481,4.815901561634323
0.8501862807334482,1.0,1.0,1.0,-0.3105472954397265,0.9121931303411874,-3.249067195935867
0.5557280964620175,-1.0,-1.0,0.33325480427747867,1.0,1.0,1.2841334606328927
-0.4808468247456619,-0.46251956553961204,0.4087786789382334,1.0,0.09538197465277776,0.42369247860379455,-0.36043794307007804
-0.41509560092870057,-1.0,-0.7693113447506261,-0.5030798625589843,-0.02256556471749316,-0.7413020263991916,0.4335840936680402
0.10576089377860076,0.9940822026451333,-0.32129552635743297,0.1310414268440686,0.8045375328948533,-1.0,3.0987610286384304
0.6976656737724134,0.8010533120231726,-0.025227944169998684,-0.5233512922496972,1.0,-0.741170946984223,-1.1045295756463347
0.1465801262129658,1.0,1.0,1.0,0.4936411638473224,-1.0,-3.964487532665495
-0.26564005196790563,0.3163999784659972,0.28304772645982224,-0.6574916519068151,-0.5631229945495733,-1.0,1.2425013613492752
-0.43620790772473533,-0.2660120314366719,0.22785423898098342,1.0,-0.742197957116723,-0.934418658221877,0.9811010529080586
1.0,0.01025568385457476,0.712859510317726,1.0,-0.0017437949966935262,-1.0,4.482511453746964
-0.9112642881455235,-1.0,-0.8395446155955657,-1.0,1.0,-0.21521063330822898,-3.692343526298692
0.4081031993932762,1.0,1.0,1.0,-0.3785282708364936,-0.7274223489009874,0.13944382508823538
1.0,-0.8473380769330099,-0.8040796856069181,0.3952686119097093,0.2981820380369429,0.42590153173362716,-1.2229699849834856
0.30666262621073204,0.6566390137370985,-0.6280413236993269,0.3431853849384257,-0.023226505161741018,-0.5598360914871556,0.707019706800281
1.0,-0.20542033880583765,0.22042425683524036,1.0,0.9048985354599254,-1.0,-0.46241844690440626
0.0516057584287577,0.45534365425815126,0.35620681158815914,1.0,-0.28995383683991327,0.7315161979520852,0.10719273960937531
0.03689369911129818,0.6405848882717782,-0.23504631225139117,1.0,1.0,1.0,4.576894527111501
-0.4825919483879162,0.693940005034744,1.0,1.0,1.0,0.28371467365770586,-4.1097408314428625
-1.0,0.6290344045685428,-0.5391470328668746,-1.0,-1.0,-0.23438169894363092,-0.8582971432514834
-1.0,0.6697275712884619,-1.0,-0.05106559855187248,-0.710240880923248,-1.0,4.019348124901205
0.7072635790781954,0.113892471755287,-0.7911849682045207,0.3897731572976583,-0.7725423358184479,-0.9005143147777583,3.246831610265038
0.8796221224918745,1.0,0.11553460654796033,1.0,0.37033774410607556,0.4113718890860627,-1.028406278760781
0.291151923681535,-0.4418757812246831,0.19463831925115582,-0.21224661650124077,-1.0,-0.6346736393425304,2.0472283694979736
1.0,0.5946155744639263,0.8067964179405782,0.8644506846664739,-0.11105007007925138,-0.45878853784369134,1.5287678461137035
-0.8281080212829328,-0.6345319155937695,-0.18345708833042787,-0.08282427776395243,0.6434766462288448,-0.7316632356217879,3.331271458930563
1.0,0.7590757960646195,-0.27113847826449244,-0.06744625036260038,0.10814452833214605,0.1436873971500168,-0.4490822150532921
-1.0,-1.0,0.15212611052204916,-0.3496112564693463,-1.0,-1.0,2.444919638398193
0.32326709462796077,1.0,0.37306620551783953,0.39371549398112315,1.0,0.6536880305615672,0.09734545127105637
-1.0,0.16171903396519174,-0.9951616697397154,-1.0,-1.0,-0.5035147171799248,-1.8604006371489326
-0.21938766817682664,0.4011702740074804,1.0,0.6932869925645304,1.0,0.6380713842965835,-1.3938628765780896
-1.0,-1.0,0.9438530902027529,-1.0,0.5546518285307677,1.0,-5.055137156605805
-1.0,-0.3531043368686313,-0.1337292254087492,-0.4088821648759636,1.0,0.811127815701061,4.9247878897783455
-1.0,-0.5109407649583042,-1.0,-0.6512713151566618,0.23614903383098315,-0.03422258832194622,-3.2153819624925872
0.13644426349381367,-0.06690990643025307,0.4954831608536744,-0.7315561034610443,0.30695045775612506,-1.0,2.951505051162162
-0.06728439433300926,-0.768843420603895,0.14766285104835858,-1.0,-0.7966924879754187,-1.0,6.637171835623861
-0.7543467821794667,-0.578600931898049,-1.0,-0.871614689192644,0.31737087131658637,0.5880578189996155,-1.3232331134098998
-1.0,-1.0,-0.012410809155789293,-1.0,0.40852129414111027,1.0,-1.495864636187509
-1.0,-1.0,-0.4553199199386847,-1.0,0.4426668325520232,-0.1877807654175635,-2.3865409003715476
-0.8191523865482647,-1.0,-0.6067117409393639,-1.0,-1.0,-1.0,4.392092636881853
1.0,1.0,1.0,1.0,-0.004002179353492785,0.34947725573470545,-3.293930944619003
1.0,0.20910511803724074,1.0,1.0,1.0,0.8255432139245844,-7.523813344591377
-0.044502178336693954,-0.4479354412854478,0.35470065287418895,0.6446990884652262,-1.0,-0.3046796048222513,0.36672984162990063
0.2437685382554358,-0.0030375085521647804,-0.14663271257824828,-1.0,0.23917168122369195,0.1577422068315828,0.6745428862558764
-1.0,-0.06744668781861818,-1.0,-0.6478131952169861,-0.05596821344047198,1.0,6.870476076358721
1.0,1.0,0.29499475674081044,0.03554144871005649,0.9811356301082084,1.0,1.4764228272420599
0.15117915420030353,-0.6437884691895168,0.0593524779660386,0.361593680937774,-0.9112399945198592,0.9744883300133161,4.396808772903992
0.9271938167043154,0.9995114263012064,0.8710124676270838,0.7625072308281746,-0.8395778582348284,0.2946655555428984,1.9782507435452672
1.0,1.0,0.1514101456378817,-0.2338561959321569,0.3336557760898409,0.508444292570918,-0.711193145015989
-0.8923147310317723,-0.32722720975310565,0.9014621290250637,0.21134933352620067,1.0,-0.6428912174698646,2.623924958797619
0.4775740642859355,-0.10280965145717058,-1.0,0.49709442847820656,0.07241360314542411,-1.0,2.424421531277672
0.236961952279318,1.0,0.9159181574436737,0.39361976823106337,-0.48441647130213794,-1.0,1.072310271981524
-0.3175099028755748,-0.07066501352697874,1.0,0.49389382386744957,0.8759587360447807,-0.25097271657183023,0.8321510355337524
-0.3628303250666185,-0.929636867922248,-1.0,0.1891108233730352,0.24025028778561175,0.33077648850703,-1.113425737074973
0.2261706878612873,-1.0,0.7549127606039014,0.6408360903396332,1.0,-0.045006408307923476,0.5261367751411105
-0.8383985624868697,-1.0,-0.861739598714669,0.2879540542708855,0.6354817464461132,0.12332010902077314,-2.8480529801816803
1.0,1.0,1.0,1.0,0.2894086933438599,1.0,-7.75337867820298
0.1493937904294227,0.06773620855798357,-0.030227177159271035,1.0,0.37667291893910937,-1.0,1.3287234229665226
1.0,1.0,-0.22182118893353095,0.06095147734519324,0.8391967370590856,1.0,2.48151620024711
0.5143655092138512,0.30899901554079245,-0.8466382360056403,-0.3790556670745287,0.32555600428756765,0.4008120804804345,0.576069229793381
0.5697357389588418,-0.5235639737381497,0.41360154995953136,0.4440311540814674,-0.07572601608911689,1.0,2.3033956709973045
-0.0355762294298142,0.2761734826782678,-1.0,0.4899429089751013,-0.004396297745971056,0.0836613611351461,-0.7484139736641489
1.0,0.5304457952171389,1.0,1.0,0.347144783971053,-1.0,0.5484766083963464
1.0,-0.3375356504185372,1.0,0.8076327454045129,1.0,-0.4316673744968504,-3.6064398768525483
0.10307031342329087,0.06067853021923719,1.0,0.8650591971502177,-0.024414812713007064,-0.4800768877719883,-0.14348554270567437
0.3860516345676507,0.2906668178591087,-1.0,1.0,0.4175160355487295,1.0,3.7369082040692425
1.0,1.0,1.0,1.0,-0.4946222233168319,0.16762512674763608,0.7906717953416733
-0.04007071029811893,0.5923149276004518,-0.22353289249801223,-0.06558845830749074,-0.03216150552062169,-0.539931099679221,0.16577049316770695
1.0,0.6847181197683849,0.8524996887025693,0.193287255073205,0.7444933257298045,-0.09539729819545362,-3.416600121734844
1.0,0.8446096734408806,1.0,0.6609339646541782,1.0,0.18104562061048757,-7.055648834331749
0.7752782794986777,0.2828321550926826,-0.8212536454713819,0.04927562807649599,-0.017405916773933716,0.34321961238788745,0.4743871621114885
-0.3307679992265684,0.2165297690441088,0.4977771993502751,0.38862860773048213,-0.7774492560120312,-1.0,2.2398137912350022
0.08493944463476533,0.5638393946636833,1.0,0.13661076830141483,1.0,-0.06603859467463091,-1.123215699234885
-0.42547513541229964,-0.9640037126986978,-0.6767679154120398,-1.0,-0.07307685622205345,-0.9662713733469832,2.4125471568245835
0.845419476170192,0.13108709470312885,1.0,1.0,-0.16156966176516052,-1.0,3.1284048045010295
0.35913366606223196,1.0,0.06629071247329299,0.07839622040952221,-1.0,-0.896659491139925,1.4971281827972396
0.6166799398413312,1.0,0.746789634480562,1.0,0.8024067178785315,0.22955008582940573,-5.836293766664115
-0.04098993172734694,-0.13839599846864348,-0.6755035464536656,-0.32520046462499197,0.03753476536257816,-0.44159495273714844,-0.883395339818495
0.598935538151498,-0.4722139495652946,0.1643090222052983,0.3477705575995456,-0.7992987658897591,0.1874505467332979,1.8412331417614514
-0.5937098125024922,-0.2449820943839316,1.0,0.1865488563801342,-0.018064123256804843,0.3747246094033342,-0.19661298951223916
0.9931569615390281,-0.28117962953967535,1.0,1.0,-0.8699231532889735,0.012747446900574024,5.213442073703652
-1.0,-0.23340812475786876,-0.12995458817506533,-0.3748915312349818,1.0,0.9681693874843349,5.096515752415173
-0.6381117260217879,0.6255687923305963,-0.718272876533797,1.0,-0.2709322265998467,-1.0,3.2000505220188487
-0.9387671274941884,-0.11076591604020347,0.5333742236393829,0.39644059247356805,0.8745902068946403,1.0,2.746122405563406
0.07086347127129289,-0.3381598565598314,-0.5340996892502659,1.0,0.9872817763453949,0.2575134156129955,-0.8021485115363497
-1.0,-0.1725822694571233,-1.0,0.015343796282766609,-1.0,-0.2449988580835033,-3.1357889216152657
-0.21656100465083777,0.9011759033558149,-0.8303050137156722,0.6647231117645069,-0.32714611911737024,-1.0,4.6323300309796345
-0.5387041927977334,-0.24189665897154894,0.1390351142530678,-0.1963966741135466,0.21949475968086252,1.0,1.7219783444259613
-0.2481742052356839,-0.30245483032263176,-0.45715602671927114,0.21879257388493278,0.1875108782161457,0.5925102099784428,2.1430912333711616
-1.0,0.39597788111425136,0.7233709727049207,-0.13898179641014355,0.8867862816452341,-0.22988000241605838,1.5057934134057374
-0.6312668864053258,0.7508339940877456,0.3450999957590257,0.15504219971183988,-1.0,-1.0,-2.4034123600217465
0.806562757699074,0.8934354996732697,-0.5577391349971087,0.09118394960188292,-1.0,-1.0,4.4753272224559595
0.32875661646914445,-0.8510254047373096,0.7577099595353015,-0.398844857694488,0.16255013228144055,1.0,-1.094114266827907
-0.764603836569061,0.5118990270717676,-1.0,-0.10564543457232714,-0.5313460924332216,0.8624966399198185,5.8776149499241575
0.11385860879819787,0.7072251501565135,-0.020626749375605602,0.22555324192726386,0.9040258752766739,1.0,4.342875176533028
-0.42252348337605966,0.533840338654049,0.09360134864470021,1.0,-1.0,-1.0,2.4731384461267334
1.0,0.7187366484605546,0.6561903252337428,0.7770767596230351,-0.32576457533011716,0.3887592839968601,0.12543008209086778
0.9835366116990343,1.0,-0.22525833788429017,0.10156067380684863,-0.34850727432112605,0.6943286590881949,3.083714627933494
-0.5255698791562448,-0.6118585363646649,-0.6959414608155677,-1.0,-0.20234668763372043,0.6160115424133272,-0.6287986730013524
0.12934115404620192,-0.10493931482486607,0.5768984431644311,0.5418185103312163,0.6265683167588374,0.6122747050062953,0.3106089331830018
-0.3392918927461852,0.4647850418156449,-0.6235858837178913,1.0,0.45873052375096446,0.8651560676943068,3.9354157050086873
1.0,1.0,0.9845830077282212,0.2987622738959884,0.22194172120147576,1.0,-4.875721246759306
-0.46653473909783727,0.6282701191415447,0.5458189846457686,-0.5940750034724303,1.0,0.8715607511248495,3.741980479091264
-0.21980108237800033,-1.0,-1.0,-1.0,0.49903652398968334,0.6810342711090127,-4.1078680676383135
-0.21460589037431016,-0.3856702660206267,-0.41718307467592564,-0.31206478815326355,0.18529136320238077,-1.0,2.5867873786863793
-0.42955464917556885,-1.0,-1.0,-1.0,-0.6280577904925402,-1.0,3.0947637944230153
-0.30363636116801196,1.0,-0.3006604516782601,0.6152409204238747,0.2662717148035292,-0.7376407093528128,1.795676795195379
1.0,1.0,0.35621046242218035,0.9782176356055774,-0.41403696396916867,-0.338529096313134,3.197958646138334
-0.7904006072583949,0.5719012381356122,0.5964404763273641,-0.30876818350065305,-0.49453404056118366,-1.0,-0.950468844230252
-0.04315434053883427,-0.4689521953272151,-0.8475949634166198,-1.0,0.0028329383191338375,-0.5098139692980079,-0.862898837706716
1.0,-1.0,-0.17785895429472637,-0.5673472769769888,1.0,0.08919270249322397,-2.740897536475529
-1.0,-0.09753609276686959,0.13115485984078168,-0.911814533850386,1.0,-0.8136384712428648,7.60152132306271
0.36466915604896943,0.19947450753549487,-0.2222080298264455,-0.3266819720756278,-1.0,0.3800348200723808,1.727646832881734
-0.8895952474842875,-0.8006293293184752,-1.0,-1.0,1.0,-0.1982581993483018,-3.2730785306726413
-0.35676193356213876,0.8761432588519286,0.3052013538405438,-0.04301585634231919,0.5476666721545786,0.8157805727789771,1.220417336080197
-0.012011097614916366,-0.24535400067733826,0.9544998423870716,-0.1794689510850993,0.5442713560047043,0.3202841916582847,-1.5607219471870386
0.3375888206376581,0.6161644809920234,0.6293208353026959,-0.299701997849244,1.0,1.0,1.7639966682444963
0.08560357617685128,1.0,0.1723791852450754,0.6227423735767914,-0.3892854073393413,-0.052781679726089714,-0.029417981103606092
0.28923448551662123,-0.7284446823682436,-0.4969962716949283,-1.0,-0.41059740396069566,-1.0,5.996599135666452
0.3018164308724729,0.9348992917212666,0.2429069341931418,0.7320754379495695,-1.0,-0.17034693556512415,1.728561187606007
-0.6916454321641498,0.31419436402608314,0.9710366724430994,-0.9515243283124702,0.3397202772400155,-0.2297926027200632,-0.5126497464177113
0.6711781156288834,1.0,1.0,0.12710659801511115,1.0,-0.3502180850658929,-2.551951749820347
-0.9479612417355044,-0.03941738269587791,0.03036187577352295,-0.7597012015551754,-0.6697920646394687,0.9007784714922019,-0.2982770210120539
1.0,1.0,1.0,1.0,-0.8587771868270173,-0.36455659157436604,4.474053535052131
0.2638611167970237,-0.11371767282033776,-0.4337255885083052,0.0964871975844353,0.2940140795126664,-0.5466793212103562,0.22843417658167933
0.45993056856547665,-0.7768405846164022,-0.6738040150296271,-1.0,-0.3676920922647782,-0.01679425026587139,1.4376211458354318
0.42542819547307276,0.4399028664886526,1.0,1.0,0.5493618003107927,0.536905466180251,-3.660410709489192
-1.0,-1.0,-1.0,-0.07915914955902115,0.6114699189759566,0.7001503104227664,-0.5354409854935867
0.5847041462389273,-0.2799571682328617,1.0,0.11685384062579107,-1.0,0.17856225844137577,1.3021349935176711
-1.0,-0.647212986909445,-0.3600241296696097,-1.0,-0.23291761797467792,-0.9585237936596277,3.6160500458513187
-0.06534748154474329,-0.42280368046988503,1.0,-0.1802240675886304,1.0,-0.2576538789285305,0.19590501942675437
-0.02329641654110204,0.887818533704617,0.9574637350847949,-1.0,0.32966057912218744,-0.3610138747479429,-3.2355747829471517
0.9196443176451079,1.0,-0.17510416103429216,0.3831260491668669,-0.26418139579390637,-0.48632952538658863,1.578953884809045
-0.7415077356576821,-0.17121292787916492,-0.5316189470828739,0.1970493310037295,0.19224374044270442,0.48150536074755834,2.147942022506456
0.5678232786259001,-0.8659326599770822,-0.8685292804041058,0.13967625860917648,-0.8416701116040393,0.2611831043380888,1.1867618234998982
0.2814993926685325,-1.0,-0.0008684760111097312,0.9879491681372481,-0.45249593012415945,-0.04106011237053098,1.8549784794715491
-0.6699755362011064,0.6566692431113839,1.0,0.9873323046859647,-0.3277876695176798,0.8397370387245622,-4.5980347193063364
-1.0,-0.8854321825029379,-1.0,-1.0,1.0,-0.9550063384434041,2.1060506395198995
0.14333106489402522,0.21724988532958772,0.38372438498814165,0.6188970782237139,0.4590788269105517,0.669440807053023,1.0407613031763694
-0.47641683083613934,1.0,-0.3070156937062095,-0.15084736374131325,0.5131997920373522,-0.9078608999851143,1.533817773978566
0.4317238884828855,0.09434952440053607,-0.0294022104327627,0.03485793197158707,-0.9017758849243307,-0.4547612989582396,1.1115389257775665
0.34949271492784223,0.3349322926995559,-0.8757009969823002,-0.2591446031847392,-0.7833881652602191,0.7159681875296626,3.807680274272955
-1.0,-0.9687883754739992,-1.0,-1.0,-0.16593384603124148,0.6077354002951081,-5.129365845669706
0.9503437293542015,-0.2846286944049909,0.9156729631962011,-0.3608847879403827,1.0,1.0,-6.998134033954158
1.0,0.6518183588613642,0.062863824173791,1.0,-0.6670668773450251,-0.23626807133231964,3.6375600808375794
-1.0,-0.33490726107981983,-0.4264683956990874,0.03370134873981345,0.1007978810310044,0.4431437521726647,-0.353359584145138
0.4790508654515626,0.04898836879580054,-1.0,0.5828617449813476,-1.0,-1.0,2.86026314522385
0.23896480150371188,-1.0,0.6066026342610207,-0.1753951467116972,-0.30711219599080364,0.19862613131849116,0.9519193383900588
-0.6582616455223271,-0.07844631887500464,-1.0,-0.2564878008457674,-1.0,0.3189239082995224,-1.3878598710639252
0.4314926629041449,0.893953848287436,-0.9742527672821915,-1.0,0.7049659724122777,0.3179263106808402,2.6786250121269215
0.8285415396268183,-0.4033264632311921,0.9732279617110035,1.0,1.0,0.811648193803969,-5.803842771182163
0.8710211473244718,-0.13402128327912305,-0.06024531246431658,0.31219167170141104,1.0,0.5888958728663474,-1.0165587429636136
-0.7471652067406442,-1.0,-0.323252520095888,-0.18211156042517357,-0.319954728817033,-0.7129647490287441,1.1388085352651478
-1.0,-0.06327571561914302,-0.87064682533336,-1.0,1.0,1.0,8.23371175461921
0.4043833409383414,1.0,0.27854230550913894,-0.2771786237418524,1.0,0.5812189881643863,0.40759505540421603
-0.2740287977934218,-1.0,0.060184693477207896,-0.7562433356452818,1.0,1.0,0.5923034813319585
-0.19108349193561697,0.2588227590417384,-1.0,0.27912401049615276,0.5560696125773845,1.0,8.193501992242856
0.28124287014568017,0.8386791865040478,-0.691593625058002,0.43253585114101234,-0.26607626067196066,-1.0,3.1876390796736067
1.0,1.0,0.9605308644064141,0.9275623255827243,-1.0,-0.1459404637306898,3.7098808782536152
-1.0,-1.0,-1.0,-0.6790882136027483,-0.250064639613951,1.0,0.3982212869630978
-0.15338034153660662,-0.18957147093248072,-0.9979785479777106,-1.0,0.9091000589510654,0.43381526392163305,1.785986689005341
0.6143055821842514,0.7591956242614194,0.5912140040503445,-0.494583920111632,-1.0,-0.0962817612672674,1.5510765406828602
1.0,0.714633455782971,0.587898726591227,1.0,0.3976602104524788,-0.13851277875741352,-1.6116852767130527
-0.4368351826504231,-1.0,-1.0,-0.07381524838496731,0.6191774861996482,1.0,4.783439539722526
1.0,1.0,-0.11138797959507699,-1.0,0.3325653127156345,0.6767640801621584,3.544091255061742
1.0,0.8448557313977008,1.0,0.5929423098169531,1.0,1.0,-6.983988949116818
-0.8378910488530098,-1.0,0.3883642846347321,0.12471123281076774,0.4308247797449287,0.5874490309550822,1.352957869161575
-0.0400392944155219,-0.8660623388885427,0.03485785375755701,-0.7170955978330422,1.0,0.3244792465306823,-0.09164233067380817
0.32522326596082435,0.22852454214396517,1.0,-0.09957755827431816,-0.6607328912100033,0.20856774663038485,0.08968399256588261
0.9095316982251058,0.415533564556132,1.0,1.0,-0.9976321140075175,0.17471929924171187,3.0421474365009824
0.007340176239925222,1.0,1.0,0.6587559482056902,-1.0,-0.6603944459670005,-0.6502796979872407
0.3808437213153322,1.0,0.015229401217649263,-0.3346528310005479,-0.7464368589552672,0.872445417790918,5.727863930638617
1.0,0.5735356117295387,1.0,0.4588278617852154,0.2953603003054205,1.0,-3.143254497824427
0.9568029849222331,0.6581505023862224,0.05405125798213006,1.0,-0.34404052218575965,0.6734124379060635,2.697313109416611
-0.9863592641020993,-0.40584430775677627,-0.33152459700762915,0.24849238666002021,1.0,1.0,5.769983806221351
0.418877362753856,-0.6563166753606507,0.9602307196364268,1.0,0.7610703754311523,1.0,-1.2728922778799898
1.0,1.0,0.20114692933280032,1.0,0.024502914651605492,-0.48141064317464644,2.1690012932518465
-1.0,-0.09027542087381224,-0.6091355202982693,-0.20574116068233428,0.7038662097971127,0.3479565160282878,1.4231293805381542
-0.28316760972467847,-1.0,-0.9108319059820904,-1.0,-0.36652812724514916,1.0,1.5367384612125883
0.9680719422062529,-0.2243764527395857,-0.29242139229086084,0.8436048175455493,1.0,0.598271806489424,-1.5517135818341812
-1.0,-0.7998974515505333,0.5273576570403837,-1.0,0.4755397444069075,-0.09368443384534597,2.1481009291025353
0.0362262224702834,1.0,0.09824468059082991,1.0,-0.2614925039230142,-0.32990426183985705,0.24455082960660313
1.0,0.7258022706757439,1.0,1.0,-1.0,1.0,2.7536563437174513
1.0,1.0,0.9392677927037909,0.7648893256279752,-0.5757366142536904,-0.8631477235448808,5.617052980858945
-0.2441897873004018,-0.9466040383142666,-0.5898607211664303,0.5886468664204163,0.006947020235140433,-0.12191697975166765,-1.729661649338334
-0.4868001829108948,-0.5385839080593744,0.3181691165751841,-0.9697306014823779,-0.6270575183220831,-1.0,4.322724461045479
-0.6149494485505622,-1.0,-0.585569573823322,0.2252770919042808,-0.9246652478140076,-0.2764392499589494,-3.6004335637394913
0.7314887945542516,0.18667605952176003,1.0,0.8395879437889979,-1.0,0.3163954153288081,0.7878190852136824
-0.49566280472792124,-0.8323729014684939,0.7857918962437487,-1.0,-0.5294358221252261,-0.5913325234583942,3.3348205523093513
-1.0,-0.5143100656103068,-1.0,-0.07757322585474735,1.0,-0.13072047721194618,-3.0430188289891933
-1.0,-0.07197798033838776,-0.475395459913881,-0.37604623104889146,-1.0,-0.8838720997402911,-1.34574681145426
-0.22961071887324225,-0.5447208649145763,0.19988002890326229,-0.3960279685743302,0.07966690699620539,-0.17096942902792545,0.6258812590116961
-0.21081023324138937,-1.0,-0.7613525077057864,0.390896129607363,-0.8146697645275911,-0.4802149113731539,-1.5440369858236909
0.8086539612755768,1.0,1.0,0.775028084502998,1.0,0.8598776581270863,-8.093590759260413
-0.8401338346751013,-1.0,-0.9820234106050604,-0.9090315414481247,-1.0,-0.14306633452721118,-1.1187600788795318
0.10287947741563552,-0.040087435825173545,-0.23857077686194084,-0.056648563058200985,-1.0,0.7220554296979,2.485345101465072
0.10353221730987905,0.01488611146722113,1.0,-1.0,0.20028297602283518,1.0,-2.0690178966985417
0.8893449767718463,-0.1440494019877872,-0.4441100543611638,0.7383822015045896,-0.3221426182656687,-1.0,4.709501436570853
-0.13566349830389912,-1.0,-0.8680379960106999,-0.60273656999416,1.0,-0.41673118551718014,-3.17949824000573
0.8006651258287942,-0.15815817583537262,0.8507602967529155,-0.19891430152072448,0.664481431698461,-1.0,1.9090796013603526
0.46948052323809075,-0.10823750873001375,0.5636840388893876,0.20231058260550427,0.6032838962795564,0.942514149717008,0.12405111253327755
-1.0,0.0973791862748059,-1.0,-0.5259837780506937,0.691151391115824,-0.5010797175201781,0.08246699325362139
1.0,0.4420111286919246,0.9491725420618766,1.0,-1.0,-0.5484758104768741,7.062187631079137
1.0,0.05117704605971962,0.3577773590246022,0.9519885927217896,-1.0,-0.6207031823643456,5.446228956964233
0.1978247081133545,-1.0,-1.0,-1.0,-0.2665087402739478,-0.8378741016254337,1.577104046173684
-1.0,0.8366284510764013,-0.9972712975202159,1.0,-1.0,0.24274669260115855,0.17040106278923228
-0.923784841993009,-1.0,-1.0,-1.0,-0.5059207747999727,-0.5465292743750318,-2.22184304989864
0.23802459016279442,-0.4504239801993062,-0.6644582113285541,-0.2521418286107301,-1.0,-0.6483431651759746,0.46498065599337035
-0.36990460351664556,-1.0,-0.6619573504459013,-0.757608274989745,-0.2176528474794115,-0.7372024096532406,0.9136581575750746
-0.3961181415012351,0.9983345373767835,-0.3380135154993782,0.49764926477262794,0.5410837453497754,0.9963720175924597,5.680301580217991
-1.0,-0.783846871998336,-1.0,-1.0,-1.0,-0.365462265230605,-0.5043240509767506
0.9728847602576479,-0.4425721083374512,0.8752890121922376,0.44632934857917855,-1.0,-1.0,8.580054847601208
0.3831267106293804,0.20760734051501029,0.47336207509108386,0.23209788973131862,-0.6518592807903959,0.07710719151234266,0.06623376005882042
0.2388455082102836,-0.5368276328439663,1.0,0.1243343069736507,0.4225517686135803,-1.0,1.9162791902465066
-0.1985808414116941,0.35141049832172594,-1.0,0.8456875188556445,1.0,1.0,8.77013491034766
0.45971689871871213,-0.35736838060734083,-0.8159354766021126,1.0,-1.0,0.029517573550973286,0.9657702583272385
-0.24245444895403545,-1.0,-0.5122589316441759,-0.4588607403975806,1.0,0.00044717826731721644,0.2655865962187849
0.5519111752560242,0.043142333820417766,1.0,0.5770571733602581,-1.0,-0.6753028187884661,2.10166611405457
-0.37650193925126996,-0.5343171443289201,0.35718094956131813,0.5711636466523625,-0.01880757642451969,0.6966964629872654,0.011738311672049362
-0.016152229768046616,0.680702439072866,0.01939207565415771,0.25108488329152256,-0.6909780520601934,-0.0017046919604912225,-0.12088604692313909
-0.6399839376760195,-0.4964818100887395,-1.0,-0.5292520197302408,-0.2866415671379294,0.1015229758653311,-1.2492932307991056
0.12921048034494476,0.7849626267279093,0.46663750086054434,0.1871658254600297,-1.0,-1.0,1.712864253883592
-0.3916845628459795,0.057084024453557314,-0.3028032220470082,-0.70044039606861,-0.42123209912938736,0.3864231896029534,0.01569623177875984
1.0,0.6824882970240898,0.2354789282848792,0.09954345795951589,-0.16180656816034045,-0.3068520782801589,0.8256288806423342
0.09747219171660382,-0.6335913468376959,-0.9450408945326025,-0.919067021611641,-1.0,-0.7692278929956574,3.5393969138590173
1.0,1.0,0.8659830321657389,0.6286380791002664,-0.24050912644694344,1.0,-2.946222834019329
0.37293563223809456,0.9599507298628618,1.0,1.0,1.0,-0.3664842786139293,-5.995051289263434
1.0,-0.3205925647045788,1.0,0.6764001583115617,-0.28144630219419253,-0.36204165464739246,3.6475918145324124
-0.6178894829833355,-1.0,-0.8248530406242491,-0.7105544558133297,0.09097787532257562,-0.6476103172050423,0.0643940109898068
1.0,0.631430379471713,-0.09078156262387205,0.29772859195152324,-1.0,-0.6030001495175066,4.609093449912864
-1.0,-0.5507008467416066,-1.0,-1.0,-1.0,-1.0,4.303746016190265
-0.6080027325443174,0.1123954153952299,-0.6959313555249279,-0.1014872865397903,-0.11981766589217191,0.058488543334969334,-0.7345763261810827
1.0,0.3910534271517496,-0.18357399264062746,1.0,-0.6121990668701002,-0.23886833161047272,2.659076247766866
-0.3500885230290096,-0.6833998500987483,-1.0,-1.0,1.0,-0.2362669817391716,-1.929610325232939
-1.0,-0.3045200930426387,-0.6393687121005105,-0.20392322104669597,0.26376087613860705,-1.0,5.863037544955577
-0.7397915722487951,0.04027134295415369,-0.15924539943607816,-0.16083357411758936,0.93236075043925,0.7338614482184915,2.988550458670651
1.0,0.9433667401987906,0.7449568295821603,0.15132289207270322,0.300634536974569,0.6049653358592143,-2.2960856680278536
1.0,0.11892409727377318,0.5027034981241146,0.536675783065504,-1.0,-1.0,8.496045483034223
0.719661798723698,1.0,1.0,0.9282740217847953,1.0,-0.20075523376359306,-5.399891313541043
-1.0,-0.1304185414669563,-0.5138585865523609,-1.0,1.0,1.0,7.286128043885201
1.0,-0.3930023574578502,0.5875778843985908,0.3364927849633059,-0.9030678270699711,-0.004542392933515271,2.442241199564645
-0.029015286655612565,0.38184548838923826,0.7108372806936025,0.6120660675930796,-0.41993049136113725,-1.0,3.4574409430713002
0.5570725062246077,0.5604535206335587,-0.6664804639540785,0.6636717912695431,-0.9496771270753503,-0.2614305142031057,1.7860809941988107
-0.5364493079186098,0.4906243559292425,0.10456087092729377,0.4890341808839631,-0.2634961411560787,-1.0,1.8732874471935985
-1.0,-1.0,-1.0,-0.40913239112566613,0.04385786958215332,-0.7344472917025389,-0.3926481149546659
-0.757964273488542,1.0,0.4333004682490411,0.84281762522184,0.5026376426425279,0.1763568873629795,-1.833328547455633
-0.4468649693898815,-0.15171246035083938,-1.0,-0.9445236688725208,0.5381279562264957,-0.3872069293247641,0.1747754008911827
0.7412799454848579,0.2113203176884224,-0.307643892994623,0.31082025981228106,-0.9836938538792293,-1.0,4.236131407191498
-1.0,-0.8763830060334591,-1.0,-0.3692703729774538,-0.7844715370723842,1.0,3.0830055303238217
0.9818364798927249,-0.8407824280935283,-0.49098032873346975,-0.12736840919742606,0.6304742545444397,-0.5580854061990372,-1.83687509218489
1.0,-0.3584452428640313,-0.3175486720421856,-0.6263334544820784,-0.4307020366971793,0.9820144489946263,4.242070317288628
1.0,1.0,1.0,0.8737025209481877,0.8496803325530354,0.4092362832855647,-8.222227680046476
0.9358921181228784,-0.9021058770728232,0.037084565281337634,-0.0035148256791634608,-1.0,0.15925903638950034,3.528700546815167
1.0,1.0,0.7824427741829859,-0.07182853879284523,0.6822873019270583,1.0,-2.919236257647042
0.4415980457855406,-0.12129925528762509,1.0,1.0,-1.0,-0.18324406732585707,0.8060466762329165
0.3125215015845954,1.0,1.0,-0.3791603377947623,-0.9659366592032521,-0.7438599877233752,-2.0179305668796728
0.8178042762459554,-0.6523437037688815,1.0,1.0,-0.0007505205500097922,-0.8953704746742744,3.341433740989495
0.800172418067131,1.0,1.0,1.0,0.3228323006389875,0.10762822754253365,-4.113277446316216
0.7693252748472198,0.9489776954977496,-0.3638840618587406,0.6867761274765762,0.43904983052560276,0.3725539360547534,0.622620775644039
0.6629884698908581,1.0,0.4639376479342905,1.0,0.2164155596324453,0.1811248327450572,-1.9529551113213104
-0.2750179100552075,-1.0,-1.0,-1.0,0.156432450958789,0.9717693249213071,-0.681657734589844
1.0,1.0,0.38234870182773223,-0.9582514314382277,-1.0,-0.8059950567707219,7.8543416095148535
-0.5173268336845916,0.5144152009060012,-1.0,-1.0,-1.0,-1.0,-0.8295017147475543
0.6890288914621769,1.0,0.8217649497684545,1.0,0.17571658459499329,1.0,-3.7925125656190377
0.36290980868051803,0.6807187445313022,1.0,0.20666273323939355,1.0,0.05116280062628775,-1.4448882907583482
0.8460298836885991,0.6399915519588439,-0.017601467581631502,0.23307321912380996,0.1648317778449162,0.8136401384730887,1.2317323031122747
-0.5904545312474252,-0.7485567687706127,0.5617490455792865,-0.760737311412249,0.01620136432498165,-1.0,5.553303735054091
0.6174234954495569,1.0,0.6744949212839735,0.4551737840150947,-0.9481369198396443,-1.0,4.141217428958441
1.0,0.3221959175852227,0.09132725604904696,-0.3650410520374311,-0.6877050264417672,-0.8289312540453151,5.3125224147825145
-0.7960866107285662,-1.0,-0.5497017938548152,-0.4405165537403415,-0.2974140153208429,-0.21792493977324323,-1.864554278732022
1.0,1.0,1.0,1.0,0.958638902489039,0.8136409135107737,-9.923568735854715
0.7791562816278017,1.0,0.07238677038723473,0.6666665533281295,-0.2522557972527322,0.7668070236486136,2.5610206535041957
-0.31184240313898237,-0.4741190656067633,-0.017525579396517443,-0.14358925222807373,-0.7782367930182835,0.7895501526076024,0.4011995054962689
0.14788170771726322,0.4999449383044918,-0.843289629271361,-0.3768481115663281,0.1839828212843091,1.0,6.58808316785074
-0.13853132922655936,-1.0,-1.0,-1.0,0.6844122856365739,0.8895195171042241,-2.1754324457276057
-0.09684600428126577,-0.9689756213373091,-0.47267982122736346,-1.0,-1.0,-1.0,7.788665659489957
-0.30823533768484324,-0.45830388610318284,0.8608894354016756,0.06977098861316211,-0.7500884270433725,-1.0,1.2670550552301552
-1.0,-0.14916848185327147,-0.7643988227468959,-0.38822044094962727,0.9823332451939583,0.40481506602091955,2.1249233165611505
1.0,0.5241895512838459,1.0,1.0,-1.0,-0.8770369820435657,7.569982726181193
-0.4491229764666633,-0.4669679111220676,-0.6838277353685298,0.7788358320175998,0.029332217578044606,-0.09707462939689249,-0.14112538260207752
-0.2757083328045753,0.5380746896847433,-1.0,-1.0,0.34450327609166753,1.0,9.000943533831016
-0.43750794916509234,0.10655568543267323,-0.8415683444541013,0.9252852739512795,0.5522328555584863,-0.8912822558110667,1.792659373395802
-0.3725563130911326,0.03420158804196233,-0.6036162252288508,-0.18224696204949464,-0.9970161042909933,-1.0,0.5265639119723557
-1.0,-1.0,-1.0,-0.8022934739385144,-0.8649948729903545,-0.2447727641633488,-3.743243300780927
-1.0,1.0,-0.2047865502471674,-0.712962373758432,-0.2037587346352952,-1.0,-0.5754794862165175
-0.244969609746736,0.9923185710728238,-1.0,0.583295435484472,0.2058884682528428,-0.7418095065901247,3.0046976778331573
1.0,0.9993337101839391,1.0,0.7690079763289509,1.0,-0.34692916779365174,-6.500927017158872
-0.12392708410946107,0.413809592820523,0.8285837223340724,1.0,-0.47175042856380817,0.9426696507246192,-1.7203192955640447
-0.8706268032966462,-0.96199841521867,-0.04331444441599641,-0.2770712968368878,-0.6997308491813019,0.8460406104932395,-1.523983741830134
-0.43471792277058197,-1.0,0.13986948941885508,-1.0,-1.0,-0.12508733631308178,5.5417816231774095
0.7293999912399703,-0.6829818307471847,0.6020180573176004,-0.6587735558658098,-1.0,0.5677916844742521,4.38060580297998
-1.0,0.9228918056720121,-0.3714355534150269,-1.0,-0.8312038634007186,-1.0,-2.1714922777501866
0.438967743580595,-0.22239138261061603,-0.4809644355925566,0.5717086233512888,-1.0,-1.0,3.9919300919904535
0.681412401475212,-1.0,-1.0,-0.3866598179823874,-0.8355944623332265,-0.5111878530645788,2.4952780556308762
-0.8454640452828833,-0.4553752145705059,0.9802468838257092,0.12453919736191549,-1.0,0.11729308087052433,-3.083651708439383
0.8304329376807988,0.4629902109936636,0.13519173080758268,0.08864489488497407,1.0,0.3194654400331628,-2.5398745707102974
0.20787202213864753,-0.27608872410281005,-0.8620313279033054,0.8383030590931213,0.08146086650493922,-0.47774093959526653,-0.17275196561492523
0.48478436805556685,0.32153849522844824,-1.0,-1.0,0.6461014579406917,-0.4002914923488555,-2.5717688387960935
-0.844257696545105,-1.0,-1.0,-1.0,-0.710290972156567,-1.0,3.1091190817205923
-0.08084727472850672,-0.3348046267331808,-0.0724032551172119,1.0,0.29081945677744375,-0.8652541843623097,1.0997615724963445
1.0,0.32901730453043787,0.2258426743485269,1.0,0.7934657317248728,0.4371718856570205,-2.761716561415973
0.6511924095499831,0.6100131544578264,0.9815011215968046,-0.6298437534101156,-0.008178055133940654,0.20744424477741696,-1.2014848854981364
-0.23969920525620436,-1.0,0.1897368625246877,0.20541878884783538,-1.0,-0.3555018152333038,2.003715175247237
-0.5702432239576729,-0.27723142197236905,0.3605664034480207,-0.6513381741197967,-0.14570995752409993,0.5828315624500872,-1.1500044387844204
-0.6328750733358235,-0.7437641625217385,-1.0,-1.0,-1.0,-0.07004469509623368,-0.19732808301136073
0.6395395576514242,-0.7143224824868957,-0.43468387706978784,-0.8830677707534282,-0.09656659552473634,-0.38483203251127507,0.7253939253889817
-0.10677789888384492,-0.8155463128288378,-1.0,-0.7470841490260751,1.0,0.33207000556062444,-3.2188762151538204
0.5778387557579004,1.0,-0.8397421430468649,-1.0,-0.34338626793213267,0.8913712195486931,9.145013345335956
0.40757285857766123,0.3746085309575569,-1.0,-1.0,0.4959074694180813,0.15155119906182696,-0.6305931357491907
0.7325468466902978,1.0,1.0,1.0,0.2785429500933826,0.3113523150790769,-5.774595558500016
-0.18436723182072257,-1.0,-0.18046175157745425,-0.9645891806169284,-1.0,0.9915715368280706,6.811778435197171
0.044594299014265676,0.01237074150205834,0.040925796753152555,0.19739335167093136,0.7866408244477496,-1.0,1.771071255240796
-0.7844682818719817,0.5505435833742987,-0.5819091271997985,-1.0,-0.43112589856167693,-1.0,0.23291825489605203
-0.45639138677612073,0.3687328799781462,1.0,-0.11655661447748789,-0.06634062198978863,1.0,-0.680673282329153
0.4408780944142982,1.0,1.0,0.7503857132302356,0.260563975200249,0.16459776438311557,-4.172588186959794
1.0,1.0,-0.08645984574817539,0.3659810988880079,-1.0,-0.4382466923041247,3.611580681593346
-0.9089272114463318,-0.1767968883207368,-0.3567347223451771,-0.3685523247284268,0.256064059432547,-1.0,4.589841212045663
-0.4180059219029248,0.43764512349154494,-0.2681697372779221,1.0,-0.16265110953811535,1.0,2.3998036763338444
-0.053306332216187746,-0.973999399519443,-0.38518557584127877,0.729464463638388,0.9332858180158714,0.4406351665743051,-1.2375396200098634
-0.475785904681177,-0.17569819492639072,-1.0,-1.0,1.0,0.36290689228805334,1.0248896915470622
0.13395470955432687,-0.0970813638578672,0.7748460019308394,-0.45554626454489694,1.0,-0.7164825500578127,0.7069020163194517
-0.08484139390791642,0.7096752500755957,1.0,-0.06588858252140084,1.0,0.3238882708906414,-1.1370223614283204
-0.817959033691954,-0.636204674006941,-0.7732021347927607,-0.8086384761501129,1.0,-0.7758926292839596,2.76607377723593
-0.341129912697126,0.22855237513015267,-0.8133982176338639,-0.28055561316901556,-0.1037642855276053,-1.0,3.014648766175577
0.23169233594680017,1.0,1.0,1.0,0.8338923673785518,0.7581086020116661,-6.572804721455276
-0.5209198878212287,0.6652031669709596,0.2485173394351467,-0.8895260291685538,-1.0,-0.5318237974047986,-0.03486572986186985
0.833791432623451,-0.20160874011542368,0.4404591717680123,0.26266673886200204,0.49963767848603097,-0.2842128703169466,-0.7322846509422181
0.7428699977443042,0.10090794143825332,-0.6077652985595879,-0.5353328607342533,-1.0,-1.0,4.000492550226883
-0.43772546455212513,-0.6420885789224479,-1.0,0.10480215913738633,0.03121413466546008,-0.04880441368366095,-0.6146108131016595
-0.38589333838825934,-1.0,0.08417132060168342,-0.16674927551989382,0.12654847745798536,0.919416190111549,0.8981378912103863
0.726643280682151,1.0,0.8693161710752122,0.8102329380040989,-0.020311411561399484,-1.0,1.6973244779275594
1.0,1.0,0.2395001212516461,1.0,1.0,-0.2747481675754375,-2.107191804021585
0.7605236856177232,0.18784533616892118,0.26140116268447233,-0.11334097973369679,-1.0,-1.0,4.936622553304052
1.0,0.6996865813446191,-0.9842049114697365,1.0,-1.0,0.4625846555293087,5.647988808418949
1.0,0.6630950367437163,1.0,0.7242412037518339,-0.072180637395722,-0.6839015635166743,0.7758211536472577
0.7178073325593842,-0.38371588555283487,-0.6694609307989183,-1.0,-1.0,-0.21441732332606023,4.840428065521793
-0.10883663090202517,0.09321417300222495,-0.06442044297815219,0.4058482669237194,-0.5461930344860435,0.31549367487030355,-0.26042722312045746
1.0,1.0,0.5588401873545508,1.0,0.1384214866396472,-0.15413235726763053,-1.1932470152753596
1.0,1.0,0.6391992839935976,0.49622665179601655,1.0,0.8748352151070198,-2.5971678401198
-1.0,-0.7541677550595112,-0.1225586344745408,-1.0,-1.0,1.0,0.4778299788358782
-1.0,-1.0,-1.0,-0.17614389389156493,-0.970059815100262,-0.36282294579370233,-4.879286001465856
1.0,1.0,1.0,0.9172567205930091,1.0,1.0,-9.469223139452797
-0.1301817112723418,0.5263990708715122,-0.06532226184662981,-1.0,-0.9324153624662977,1.0,7.952675982068453
-0.4090453961879891,-1.0,-1.0,-1.0,0.32643740645158154,1.0,-1.0374039741882068
-1.0,-1.0,-0.15256812819435683,-1.0,1.0,0.7466607573211712,0.9726829438010821
-1.0,-0.1138897298461421,-1.0,-1.0,-0.2492948070398331,1.0,5.765226773740207
-0.5665183868772513,-1.0,0.6702227676188752,-1.0,-0.40903129875071387,-1.0,7.050185145869696
-0.888494199362419,0.3935479289149736,-0.38618175977329866,0.8685133435768148,-1.0,-1.0,0.16877974090370695
0.3076218200258025,0.26444311089227024,0.024533000385026538,-0.512543398412745,-0.2967821132091489,-0.14514912740746444,1.3237240269991504
0.8438611796329165,0.3562730821744402,0.24477955430396858,1.0,0.5137251115748902,-0.2861853831200047,-0.9018476668388941
-0.3600867765836898,-0.8808478065277132,0.6329452956431967,-0.5931861503059892,-0.4034379378808388,-1.0,5.530482052193282
0.0631271566879191,0.6035746035495242,0.0015282841389024915,0.3663864703785138,1.0,-0.03691187064123713,0.3693485295291656
0.22210019515688537,-0.7224116380672801,0.6113330820475873,0.9903196494928173,-1.0,-0.9449289487810426,5.2176018143006075
-1.0,-0.19324040237586138,-0.011802299311088449,-1.0,-1.0,-0.3733601120851504,0.7916154043055771
0.6017961859244956,-0.20298938689091883,0.3977657297828925,1.0,-0.24022498320559038,-0.15406744507709547,-0.06641305237507755
-1.0,-1.0,-1.0,-1.0,0.3952989675852032,-0.28733412123385893,-6.057726238194442
-0.6164455392213601,-1.0,-1.0,-1.0,-0.0662561331137076,-1.0,2.4290755949078164
0.08790645774186734,0.5693640917422653,-0.8232139823668945,0.455828224871084,1.0,1.0,7.140159496594278
1.0,1.0,0.10775443739912993,1.0,-1.0,0.49820394429790676,6.331726601298555
0.7086093420782842,1.0,0.0999510472381247,-0.48206702014953684,-0.06681846316953499,1.0,5.405399015202866
-1.0,-0.7249539380690142,-1.0,0.362956529151471,-0.3296064823243292,-1.0,4.058742292763979
-0.6660209763222993,-0.16983374186484868,-0.39583965007890654,0.10929875752939777,-0.601312890933496,-0.6790124526180188,-0.42470245838795806
-1.0,-0.3395047256722212,1.0,0.24219569234928404,-1.0,-1.0,-1.3599126597973634
-0.9191101403747668,-0.6453750025746687,-0.63651625645716,-0.28090396882277696,0.4192436844783886,0.028481812858065753,0.3916333132597988
-0.8142280374517303,-0.026115288009191273,-1.0,-1.0,0.09044116313019346,0.48699717413597643,0.14213604000673055
-1.0,-0.8172848067414926,-1.0,-1.0,-1.0,-0.9830678202728456,3.5641350475519142
-0.887932772316604,-1.0,-0.46763493623271213,-0.7108452832286482,-0.268378209119019,-1.0,3.1292214514779912
-1.0,-1.0,-1.0,-0.06304754442587579,-1.0,-1.0,0.5235890770460728
0.33566293944752845,0.3904209034506974,0.6198073577539694,0.4865508629401485,0.7745190751624524,1.0,-0.022291060447854782
-1.0,-0.6075160700134418,-0.9585920681935114,-1.0,-0.6689813893415918,-0.3570468261867086,-1.778948088649384
-1.0,-0.3558828556889222,-1.0,-0.5309309323626001,1.0,0.23428986958932374,-1.9894899879914199
0.9478310832386131,-0.2835164277174558,0.8472240903576709,0.07096013328059547,-1.0,-0.773892418542704,7.558918637644567
0.4473888563311117,-0.4506407589547311,-0.8153020576423108,0.6765680755667474,-1.0,-0.4098749844396199,1.3783781278881886
-0.7622765097713715,-0.5195688532499855,-1.0,0.574417605053664,1.0,0.0770788767575723,-2.2293060149357906
-0.6968425596425987,0.6952398459111607,1.0,0.9854669402202907,-0.6892423294291314,-1.0,0.5032355798508141
0.7670355693118334,1.0,0.3966372287079447,-0.565017763827675,-1.0,-1.0,5.363380014717478
0.3916188962979097,0.6541836486115551,-0.23021300802599526,0.4154249680762854,1.0,-1.0,0.7249176737835094
-1.0,0.14431553383733148,-0.7918604914426932,0.05114927140565517,0.7235528940077393,0.8672197746241708,4.654648673981018
0.9578856818938039,0.48129410036570286,0.39304412985980364,1.0,-0.5153514606125684,0.7854799913714741,1.6889319983265625
0.017915494710411206,0.39412177019775285,1.0,-0.23209333403050944,-1.0,-1.0,-0.6639075294896328
0.2586996008766841,-1.0,0.05956940477864325,-0.19375782285198784,0.17842447525534585,0.5420941197074444,0.03842794558781154
-1.0,0.038708431396137666,-0.9117535531959384,0.2167262492144228,-1.0,-0.2121206633412056,-3.2107697676545985
-0.6900073168115878,-0.8593329146734108,0.0003035799697927999,-0.42689306341961564,-1.0,-0.008740645894735888,-0.11372972217159176
-0.5874099090984244,-0.2780724752815718,0.8439329288678948,0.12882424878786847,0.2009350189829323,-0.7013789009608133,1.9220445537439983
-0.4530509925186363,0.8964889255035937,0.835100388834694,0.38098325253781945,0.2519694941570322,-1.0,0.19233282878241453
0.9745812851538574,0.4478886271167239,-0.20106082405779502,0.05743014645227218,-1.0,0.18814582012501713,2.6180693797788024
0.4045229370802677,-0.05592839360040647,-1.0,-1.0,0.46085116741995474,-0.9434379678978708,-0.026606351443128617
-0.16547581598477823,-0.27319098469267594,-0.9227903376943511,-0.8486339144413986,0.779806467846428,0.5550566708220095,0.8301742769076258
-1.0,-0.8170664821041009,-0.1210937130991161,-1.0,-1.0,-0.8224902466688067,5.108920359048417
0.9132093413388319,-1.0,0.3801870068842548,0.003010806339780625,1.0,0.25067478673209165,-2.6718787094193575
0.2388952978752953,-0.3298707358787265,-0.7975713817866559,0.8921135231888792,-1.0,-0.35840594932499775,0.20375129130835115
-0.3826875845003241,0.05857877697172198,0.23810485040075482,-0.5286144745092272,0.16412445339766424,0.2580398172786763,0.6158110788135057
-1.0,-1.0,-0.4489813564304951,-1.0,0.019735259080942313,0.7148591294305492,-4.2568309663195505
0.9616238850475944,1.0,1.0,1.0,-1.0,0.7592409017231642,2.531300696077884
0.05203480438578523,-0.24592900140642104,1.0,1.0,0.9603593515518252,0.5265789959110997,-2.961656590211495
0.41698312156009937,1.0,1.0,0.6764733599128944,-1.0,-0.2949459531113494,-0.7786361693339793
-0.03562632226102036,-0.45634461781813107,-1.0,-0.47653268614037314,0.04684813062683035,-0.1118508893543102,-0.1253729421010511
1.0,1.0,0.38656073671469215,1.0,0.6512288837790932,0.15861702754018067,-2.567968000786611
-1.0,0.0007142967210936879,-0.6125883106183483,-1.0,-1.0,-0.27977178341411735,-0.30224077071344785
1.0,0.859793260512538,0.26868739019299837,0.6917961302801621,1.0,0.8562269320253539,-0.6223516623292008
0.9282058918458971,0.6108919389334936,0.1763872086813716,0.35997022776303744,-1.0,-0.7645878714556933,5.377536461709201
0.710536772383133,0.42439654234793234,-0.16595693120251914,-1.0,-0.12453265147054982,-0.30809143138786266,-0.14359731668776643
0.7177538881168196,-0.3412911591271226,0.2733295558407478,-0.34729844881389643,-0.2549862406302459,0.9777001886032657,1.8311336556628515
1.0,0.8153475726778974,0.8874677668933959,1.0,0.6950886280324032,0.12926300443773364,-6.094116287044976
-0.0495619511842621,-0.6741041076514143,-1.0,-1.0,0.05095661722254885,0.1668994352780101,-2.066894090686104
-0.1943267731991023,0.13845731841609177,0.3567538389359375,0.10941551991516213,-0.33728853853603713,-1.0,2.7236615255139545
0.0638148560124252,-1.0,-0.3977257664551115,0.15944952667933343,0.4634055778778489,0.67390175204764,-0.7513116060086361
0.11278461050388211,0.30342672864280446,-1.0,-1.0,-0.3212417505709583,0.2559736153128857,-0.4121181672121652
-0.20708142883649605,1.0,-0.5643749367368412,0.6366945940425239,0.38139273074316377,-0.6014486818249724,1.8418089446204418
0.444520693617351,0.49202150293299773,0.8531719380034397,0.23769628632923068,-0.4581364207223939,-1.0,2.1341437852555463
-0.24782654295319057,-0.40843382332160083,0.022515449181196523,-1.0,-0.294462897153831,-0.44782501848725853,0.2865242296303163
-0.7737328581450253,-1.0,-1.0,-0.0821621443951096,-1.0,-1.0,0.09888889533883126
-0.16401319536793868,-0.2635759335695903,0.7442797515328945,0.5485325807605419,0.04710686531807323,0.3981849055746156,0.5760356830923369
0.9848261269784246,0.017606758538632,0.08404474688217684,0.6971227482310918,-0.9730464430081571,-0.3210140690904053,4.033778618076038
-0.744513001855857,-0.5333180431205551,0.05520176386234654,-1.0,0.39842230134002254,0.7649191882494188,-0.6885116127501191
-0.22202672601485074,0.009540212515129085,-0.19228260778999018,0.2204414779103959,0.8022638210061361,0.44288571543811395,0.8120548663470477
0.7262667874749287,0.7964156830167892,0.07283762676068006,0.9511817191107186,-0.0836640082843429,0.9509700563367127,2.43481285525249
-1.0,-1.0,-1.0,-0.2141530989714442,-0.36007771101587266,0.6014923810026758,-3.9744692370912063
-0.023019605805881416,1.0,-0.5412661388590553,1.0,0.8613083096631732,-1.0,0.34489530560067133
-0.10167996242302141,0.19977235404259974,1.0,1.0,1.0,0.0198830072491325,-1.7920233954640004
0.11897644955689368,0.7875111074539872,1.0,0.807109944394415,-0.9064397991649509,-0.3337751100004095,-0.9733059481805261
0.9146159641286047,0.2681211549221123,1.0,-0.14140067434643708,-0.7862083133948252,0.11466822878864624,2.213411393914517
1.0,0.22816751103136224,-0.8396346889091962,-0.6417485035230731,0.5322698198882669,0.3784515841528434,-1.0801585155969717
-1.0,-0.716480452754716,-1.0,-0.9214109971984253,-0.5047438829145232,0.20523087859751732,-3.006031867097851
-0.3880639410879304,0.003662830375252918,-0.5569474807229203,0.12891533243785824,-0.7395750593488656,0.44714735400539785,0.2482318877304557
0.47872487128230123,-0.20887466769384055,-1.0,-0.5666475130411468,-0.8164049153732678,1.0,7.199218446455149
-0.2550730499536621,0.05158148135207474,-1.0,0.2560610730278172,-1.0,-1.0,0.6101286896588531
-1.0,-0.617347531470835,-0.998288602995336,-1.0,1.0,1.0,4.054920278130195
-1.0,-1.0,-0.3849320715779102,-0.14585107523933738,0.7435118077518381,0.21297661353896435,0.18072853551253287
0.4763898702601476,0.7382162896844,-1.0,-0.6258776507608533,0.5136690129685673,0.8152915598039923,4.842959582644616
-0.577734123911837,-1.0,-1.0,-0.2920490872865906,0.32328751609967543,1.0,2.9340533722983966
-0.735469478013882,-1.0,-1.0,-1.0,-1.0,-0.42704656866704327,0.25509489651579714
1.0,0.4207956968806139,0.1839097868591485,1.0,-0.05829627054305764,-0.6050508661791769,2.3783533985374357
-0.9826956575465613,-0.9012555173608392,-1.0,-0.030522232984815156,-1.0,-1.0,0.47444231829497696
0.6360881576519961,-0.0323514528249228,0.44767731067855177,0.5566157285583325,-0.029743415511889637,-0.3556319524315763,0.6937306150991893
0.3696491340145225,-1.0,-0.6565306523629199,-0.48116860894977,1.0,0.027558735296463188,-2.837151774150063
0.4078056370252061,0.3961748451518423,1.0,1.0,0.896220485659852,-0.15935428565336707,-2.6337670825456017
0.9125518919555131,0.38430759529252145,1.0,1.0,-1.0,-1.0,7.782361479878833
1.0,0.24594942022117317,1.0,0.7901793968585,0.04030508716111547,-0.018895382922970345,-1.0569413514921664
1.0,-0.17621055151555282,0.8620680648306229,0.34222480964104285,0.5932557708047035,1.0,-3.080489540026691
-0.8798618849905561,0.2769532238443423,-0.9076409387508223,0.2740196284369699,-0.15410296627051745,-1.0,4.715306635158923
1.0,0.4229531963574451,0.75274687205595,1.0,-0.15922716778237683,0.13100447871944754,0.03966220113789637
-1.0,-1.0,-0.31505811314004917,-0.5309164324499311,1.0,0.24440200889252384,0.9446474331806771
1.0,1.0,0.003559087752051049,-0.2846690996658533,-0.2524678846716733,1.0,5.041248757711836
-0.388987992383754,-0.17591369877087337,-0.9110194988424565,-0.4323589909722677,0.974383573116658,0.07251375476334834,-1.0338089247981292
-0.26392994214251553,-0.15290520844833907,-1.0,-0.7439919451973618,-1.0,-1.0,1.37792159976478
1.0,-0.1799242695031923,-0.19265389016958878,1.0,0.22289968954622275,0.5854798569231534,0.4571751674234617
1.0,0.7116104952128632,0.29911414572482903,0.05341955935753506,-1.0,-0.29796737026015974,3.6548628353676453
-1.0,-0.19794724421519666,0.3831618630247128,0.6177863807289525,0.19232668262197306,0.1351165589315471,-0.046456455705245966
-0.14394967861994867,0.382998236572726,0.4561714668190958,-0.2710511450452691,0.5220496130506936,1.0,1.9880391707782628
0.8303318288356827,0.741574314608715,1.0,0.039497019667231514,-0.97758916929343,0.22335753051972274,1.7302127677814592
1.0,0.07593464523888999,-1.0,0.8358209825438196,0.588236399633851,-0.7419898201234041,-3.3367021780853907
0.5295808996667307,0.608625385786874,-1.0,0.34966475167600575,-0.8027934999743038,-0.7234367396305166,1.5265437766970393
1.0,0.2730210888927955,1.0,1.0,0.355362155310512,-1.0,0.9300168969865537
1.0,1.0,0.5857450054545368,1.0,0.6025193668949731,0.6496144933102533,-4.12449361679184
0.8503221456035872,-0.5615105610652287,0.9720779137431911,0.37292518440538747,-0.03688295281305942,0.8542494103500612,-0.581769105324567
-0.5523402241009581,0.8525958139085673,1.0,0.7230158574867839,-1.0,-1.0,-0.39044857721716286
0.7730131626381943,0.7115670812481879,0.31475600580611895,-0.160267167242997,0.385175311313535,-0.21223304267501342,-1.7743424126016845
-0.6324174253595265,-0.6077804817077032,0.9572415431296633,-0.19508348733038894,-1.0,-1.0,1.2290265515974403
0.9038757421730972,-1.0,-0.0019462404388108645,-0.06050523145366643,-0.06460757590063793,-0.38185824002073904,0.9779390026283059
-1.0,-0.3806756538784912,-0.7365859696761563,-0.5673197309748768,1.0,-0.18304562192567797,0.45541535112750275
-1.0,-1.0,-0.39493581411716416,-1.0,0.021304422895543018,-0.19386808713607706,-1.5742482721897888
-0.6331615574971327,0.8838663717361577,0.47594015342683504,1.0,-0.7619824177739589,-0.25472555412117265,-1.3163831906567929
0.8639432529059436,1.0,-0.07593509235558416,0.6551265007833578,-0.8089546364710252,-1.0,7.515408634219957
0.3715233463903407,-0.5131721812641171,-0.2276972660949912,-1.0,-1.0,0.18076892036465259,2.9825606224231125
-0.46390675800835246,0.8892709019052194,0.5730880437526791,1.0,-1.0,-0.8407302298003275,2.3112741562821326
-0.08553741115151636,-1.0,-0.10841640800121544,-1.0,-1.0,-1.0,8.657372809139172
-0.12153734675014116,-0.19838523809143638,0.15562244197095298,-0.36948820530747073,0.48047397240198775,-0.44521801428961516,0.3050792616786536
0.6012165609710994,-0.5986131598022992,0.016558640306476136,0.3065031943376818,-1.0,0.34053946926991685,3.2602132705880758
-0.7332593217793739,-1.0,-0.3254142318164843,-0.957017812659777,-0.07298514581216375,0.35757974958456634,-2.3132413920129067
-0.30968711267112425,-1.0,-1.0,-1.0,0.32405118691865337,1.0,-1.447433013060653
-0.6384515420619702,0.12974095619870502,-0.525335724827408,-0.4788459907975667,-0.3219114286717998,-0.5357405082031832,-0.7327542489818204
-0.8177380281765954,-1.0,-1.0,0.013808051823123092,-0.30950197501128285,-0.9192761115493977,1.3218467505591271
0.5302349477743693,-1.0,-0.8944203639034217,-1.0,-0.5276972191806049,-0.9900726842606407,5.832997408695837
0.7028341036743857,0.34265637834389834,-0.3104560862026659,-0.6466786614275148,-0.2842850404323499,-0.5160849326331056,0.985547464008794
1.0,0.07568128776078786,0.1997744241887345,1.0,0.23285360218497558,-0.45176000133139593,0.5391665020402935
-0.12133051537548978,-1.0,-0.9145419666438253,-0.26150759624414355,-0.049011339432842194,-1.0,2.90279325139176
0.5256311737447911,-0.9092767955344547,0.6778098028700276,-0.9732722853257737,0.47018412070160676,-0.3717650365510865,2.5259000839472088
0.1773909493143957,0.22848992362654613,-0.6258588923446272,-0.18349877145424198,-0.3978876449365232,-0.31008685033749783,-0.1413681801952304
0.6480107772535951,-1.0,-0.6744180043198694,-0.8142278078588963,0.8640147670453797,-0.3396710917164509,-2.339416895485023
0.22377355509045274,0.023072064108616674,0.08161654203018562,0.7858793580249844,-0.4741083185603911,0.4907127521909149,0.2084504056779145
1.0,0.9578517417107617,1.0,1.0,1.0,-1.0,-6.917190002268393
-0.2888929169716874,-0.30734427255448815,-1.0,-0.8343523413095899,0.8567460242742981,0.15962881855663236,-0.3221139333249373
0.9236228832406372,0.2450421317939575,0.0542735716745526,0.3459577316217646,-0.306107554773083,0.8644029366932877,3.8820318164040026
1.0,0.31398202059873737,1.0,0.23517254607032578,-0.5731100165547768,1.0,1.1514650424926465
-0.5560971045106692,-0.16555865325205088,-0.647315629042867,-0.26590480944984973,-0.7293161154176164,-1.0,0.4293041004323046
-1.0,-0.4955699245515749,-0.4403530422022378,0.19893727164790564,0.0571684798445089,0.7811097391051536,1.0237139846321595
0.3675237785327295,-1.0,-0.7273234818189324,-1.0,-0.23580603941127398,-0.9669643067074374,3.6066659016710214
-1.0,-0.39987397258025936,-0.3498787590153176,-1.0,-0.06008047392482052,0.17716653103501978,-0.8454138385409528
0.3111355718648045,-0.1304850615187898,-0.1684059354756332,0.5090494096780865,0.8720531776033242,0.7925136926212338,2.2778805703390703
0.3877612712016939,-0.17366049790155086,-0.6258694922120842,0.28475145212399844,-0.25192385801326433,-1.0,3.42181230082472
1.0,0.06004535400475797,-0.47817549877043347,0.6991964340008674,-1.0,-1.0,6.717413443587931
-0.32384713655939523,0.38755993802371774,-0.06158383483342231,0.18656809478472647,1.0,0.07894407693516081,0.7118144963172995
1.0,1.0,-0.1318838674110565,0.5106853848390976,0.6170650325459264,-0.7175389241365135,0.6972419160072034
0.23736712089004186,0.3215944471634623,-1.0,-0.1061481303817066,-1.0,1.0,8.482723791570846
0.9332457395739275,0.5152638225623338,0.0728870777187729,0.8255218754743416,0.6232745730331993,1.0,0.8519095736265853
0.28364219596209106,0.6836252128581548,-1.0,-1.0,0.14779275589504692,1.0,6.913575634051496
0.16774666326671683,0.7507507601293292,0.25240519800851724,1.0,-1.0,-0.039944263935729085,2.0079470748132846
0.7221768599608696,-1.0,-0.35924305423196046,-0.8058414565732872,-0.2631854867769917,0.06234690930659004,0.36259517040571376
0.7097394364862193,-0.3084345245020246,-0.23299808179244946,0.6282596875612386,-0.32592994034521006,-0.478748686620706,1.2486255700337185
-0.14823015405989892,-0.454406018199187,-0.31356598055211776,0.3012225608883258,-1.0,-1.0,1.8517481627681756
-0.4744389091418604,-1.0,-1.0,-1.0,0.5140193597355331,-0.07351976488426529,-5.549216545291487
0.19250032718576449,0.800003276821326,0.11953565297701699,0.2687107999484012,-0.3968102041029571,-0.6938548776957154,0.43476475550706717
-1.0,0.5467291000338305,0.7469381806383882,1.0,0.10936534361210168,-0.5189664723378313,-0.14638033700234887
-0.42686193395749,0.28128271425001206,0.08490502518282207,0.42926397608521033,1.0,1.0,5.590129315612338
-0.7240979759741157,-0.4883144259156197,0.21562127693925875,-0.8235811096000167,-1.0,0.8788104664603207,0.08969954672800805
0.16216390292267158,0.28921675017316684,0.27937122436184225,0.753501916231939,-1.0,-0.5325170596795266,1.3748190608162236
0.19586132823713143,0.3668170344511833,-0.18845219708639876,-0.7453397333231149,-0.9342979698029295,0.9109307540680239,5.577590798189582
0.6346956832263414,-0.6096733150797098,0.6152956706579267,0.41132563279824624,0.5500697577117741,0.22448868053774307,-0.8192053393593859
-0.2840469579748204,0.10125312361247618,0.0050371627802944935,-0.10599130222239372,-0.34600131493640185,-1.0,1.3700387808546022
0.00041504734296582413,-0.6393671715812912,0.6136559771946601,-1.0,-0.7795882551791308,0.668970099207338,1.387576730592533
-0.8262492926667738,-0.08093294912331916,0.30070696553904264,-1.0,-1.0,-1.0,0.4543444678366978
1.0,0.21430896873401606,0.3454235631980087,0.7175385456963348,-0.6078818318730543,0.5286742915376947,1.9594373392413784
0.3750974869325594,0.8917080441680356,1.0,1.0,-0.0973306663735401,-0.6121086285735164,-1.4184068559604808
-0.21113092704775946,-0.8832235664467081,-0.8071348827029969,1.0,-0.23739754189936635,-0.3871348889485252,-3.183987703414004
0.5217801575049712,0.617559286180243,0.8503464266661999,-0.7437226339913674,-0.7462359720064732,-1.0,1.198084012157734
0.48172314486325724,-0.8791664329215344,0.2286166593605578,1.0,-0.7816267791117107,-1.0,7.372417493748521
0.6785145230255559,0.995782271989945,1.0,-0.3255571342678306,1.0,0.5735532443525053,-2.365768265385188
0.26085776079479217,-0.841753061945952,-0.6650599131294493,-1.0,0.15268418418876967,-0.11883596015533238,-1.8548657573122131
0.2664734908684214,1.0,0.8859778102087656,1.0,-0.05170836168595205,-0.8924755305762845,1.0639674310933458
-0.468409311771868,-0.5764428450005925,0.9292311820112521,1.0,-1.0,-0.1085133919666572,-1.64893109796493
0.8013947455263613,0.03889312328855277,0.1317376611175753,1.0,-0.12254124078058481,-0.19113510088704566,1.1222945002767135
-0.21434656321541634,-0.5868980545999836,0.8051938668289299,0.017964912421127577,-1.0,-0.13633977857512392,0.05730890144638953
-0.12353518950487774,-0.5177957523389094,1.0,0.38554183802326514,-1.0,-0.6283246816625359,0.39296241531188986
-0.2322364635596989,0.5795326711683305,-1.0,0.23177669162601963,0.43117979844664267,-0.2751820433464418,0.5868436843417163
-0.6738803000763594,-1.0,0.24356504041211002,-0.6016671870220476,-1.0,0.8082951736394998,-0.1849348476491957
1.0,1.0,0.04085650061705204,0.9040228460349334,-1.0,-0.6622645042770854,8.23346223692726
-1.0,-0.4189833782388555,-0.8612712724567121,-0.7463762222337356,1.0,0.38598798901710185,0.4150277066151262
-0.11066002026484473,1.0,0.6303265200336865,-0.40596857275359943,1.0,1.0,3.4086866603099444
-0.9791065520187386,0.8662911760077018,-1.0,-1.0,-1.0,-0.43710073870814004,-0.6304863504759697
-1.0,0.8458530268078788,-0.4651722035930783,-0.43694774458163377,-0.09953942152306156,-1.0,2.1305620290386336
-0.4169246205500169,-0.12471693892600644,0.31149263103786506,-0.2187327813824661,-0.4217660871836255,-1.0,2.4380259924480354
-1.0,-0.8415249288427231,-1.0,-1.0,0.6846398068838682,1.0,0.9158120461122502
-0.29888590406963633,-1.0,0.36990699393702864,-1.0,-0.18017614350463207,-1.0,6.586214092418719
-0.06708562699451143,-0.8575858344291233,-0.09973039043483878,1.0,-1.0,-1.0,3.543259918208043
0.7976077896808171,0.14977446172423675,0.6076719539285813,1.0,1.0,0.5278247348074846,-3.1783939085438835
1.0,1.0,0.007409655569470486,0.5006698491341268,-1.0,-0.7674452567536125,6.713821646840533
1.0,1.0,1.0,0.856380059604072,1.0,1.0,-9.481743900868576
-0.20775343075522923,-0.0657393278985714,-0.43106921700672685,0.09504163263622845,-0.05442074466692648,-1.0,2.264236339129873
-0.6054578423441339,-1.0,-1.0,-0.1106372049734261,-0.07176369670264521,-0.17885270211382903,-3.274138405802329
0.8187495352448306,1.0,1.0,0.873362583970801,-0.7572173035186052,0.609293473821318,-0.48766614445613365
1.0,0.7795202280711198,1.0,-0.022217912489761182,-0.4530019466712156,-1.0,3.4580841071672297
-1.0,-0.7595624419761673,-0.2020695275889987,-0.4335432503433645,-0.6021296071975641,-0.5884063409669305,0.8938325251608171
-0.6454120851826775,-0.7969162589377777,-1.0,-0.8183973525590325,0.06510643069586056,1.0,2.414884519664263
0.4608215762348784,0.1460029815277999,0.2920370428149679,0.2165353283535214,-1.0,-0.1792167739293846,2.1890213317725156
-1.0,-0.9141669744696106,0.15406378500446338,-1.0,0.29189265152353966,1.0,-2.1002497496212045
-0.6053985149399163,-1.0,-1.0,-0.447808031635266,0.41430320070262616,0.431762555788872,-3.065360880462935
-0.611260147091516,0.10303444578247167,0.36168227259273567,0.07839099507571606,-0.2432021749640203,0.2155584449193535,-0.585081764694381
1.0,0.8504711816637032,0.9436602949168365,-0.6754054889471042,-1.0,-0.3493515826389904,3.717664629249302
-0.3993391698481852,-1.0,-1.0,-1.0,0.019518561692680403,-0.9109507943605002,1.580041949761671
-0.19885598875087396,-1.0,1.0,0.23263014038043453,-1.0,-0.19667680909090146,1.9594275959839398
-0.4506205339722549,-1.0,-0.6649547396720905,-0.3326490300949534,0.39719782153559735,-0.8291323253541982,1.5064300571100298
0.9572389828130474,-0.08938060953838445,0.7785879291595905,1.0,-1.0,0.9391395824399649,3.843818580419754
-0.6911110408621466,0.40271633712327315,1.0,0.14725329410092855,-0.2966653893804616,-0.5563263646063472,0.4446501418395722
0.708295542118751,0.567889367077939,0.28412163733934814,-0.6863657045731515,0.6230267854853603,-0.992940443772667,0.7248035231330866
-0.5512451465742467,-0.06209519916826617,-1.0,-0.5897389455990782,0.0913066401219706,-0.614462816965005,0.6828028304676141
-0.6305125122178539,-0.8048523462097483,-0.21834503502285346,0.5704761667259768,0.15599371629064923,-0.3729295013583228,0.18795664319763836
0.009247758816376558,1.0,-0.6042687554675193,1.0,-0.3868503272512013,-0.3699269791741412,1.3919563532533858
0.6829283201762025,-1.0,-1.0,-0.164011662972813,1.0,0.5064803012217278,-4.127093317278696
-1.0,-0.32090445413632773,0.010309799697841515,-1.0,0.8083577292491628,0.7762531325285111,3.292727365967705
-1.0,0.7878682527907216,-0.1772011163215802,-0.7620272990384427,-1.0,-0.9328426693062633,-2.765187485357166
-0.8099610134663813,-0.9693695357381682,0.6657056396111332,-1.0,-1.0,0.19747409133457913,2.402540892894204
-1.0,-1.0,0.3185044262312216,-0.46715943739259946,-0.3684641917290301,-0.919667578561763,4.08910200386371
-1.0,-0.5333404363250593,-0.47668828433904165,-0.7076109421540309,0.7941052914415391,1.0,5.262584277638389
-0.35849154554942747,1.0,1.0,0.5131629274446163,1.0,0.638306177296943,-3.166504797543009
0.39597613356408856,0.9115203109363965,0.8721905676566997,0.708011800691543,1.0,-0.7882617344861286,-1.5629997941908857
-0.14061244080938504,-0.8186871719725797,-0.43775977279099776,0.17919294002023578,1.0,0.5826679888866897,0.7460985367809855
0.02402546440698028,-0.8631705521985051,0.29191161351447137,-1.0,0.5580946753655578,0.4513535936733717,-0.5848917166082991
-0.0022442561419301343,0.9328247507701166,1.0,-0.17077425317097106,0.23712754959883298,0.9202416694073625,-2.973872943855895
1.0,0.7036994481923118,0.22874942573697243,0.572793583744583,-0.023363503772494923,1.0,1.2677143599607936
0.26590174866355654,1.0,-0.0371299850820937,-0.9822067844644627,0.8806295603674275,-0.5367277852524586,-0.11233712540259921
-1.0,-0.28399511024454105,-1.0,-1.0,-0.2486590905095003,-0.6907126712083951,0.7391715001525548
-0.6422962969654606,-0.03716586954614143,-0.4532766013295494,-1.0,0.11481364767752933,-0.1805115268513724,-0.29091796334664005
1.0,0.3683993861014867,0.6923578122241816,0.8290681388134287,-0.12332286376530521,0.1111882876523288,0.6733072509929108
0.24733640068570312,-0.4176359692167567,0.03433135171462187,-0.3418592754134342,-0.8994016633056028,0.014694984462361893,1.2753437555804883
-1.0,-1.0,0.0866265014807368,-1.0,-1.0,-1.0,6.076245346548252
-0.6253854925719124,0.4070254487478191,-1.0,-1.0,1.0,-0.6011840066004944,1.0980749813162711
-0.8497322362892753,-1.0,0.612207740479449,0.7184735510710614,-1.0,-1.0,0.8385808913216009
0.19558035721275335,-0.6709448149789358,-0.3243753530325267,-0.41684255710987905,1.0,1.0,2.0931067210214893
-0.4331122248294257,1.0,0.8330620934747524,0.9576339309913586,0.6133824539029247,0.014795045061397394,-3.9712129377463152
-0.9195675002938593,-1.0,-0.375531802289766,-1.0,-0.8748393543690348,-0.8284556124697444,4.750203783889977
-1.0,-1.0,-1.0,-1.0,-0.5387337047515054,0.47659650187233005,-5.612907822071107
-0.10992289987169901,-0.410883718854809,-1.0,-0.09522337167168786,1.0,-0.037905020262037264,-1.1753890074254723
0.2227424973673665,1.0,0.20101730209408708,0.5965679897998399,-0.7056140951926028,-0.9452988854812712,3.152932061399356
-1.0,-1.0,-1.0,0.24206658552816795,-0.28322845292907783,-0.3619742535305539,-4.096452635037215
0.63790681006574,1.0,0.29946442402064166,0.21516328559362877,1.0,0.9531053314184836,1.8106570117027716
-1.0,-0.9307502894447887,-0.6300315290483968,-1.0,-0.8016238300857572,-1.0,3.7019933827060347
1.0,-0.12090132349867022,0.7736371072289143,-0.26918186976526937,-0.0673843278876392,1.0,0.47294075527870194
1.0,1.0,0.08153054246197133,0.02793631490954518,0.6820687804074922,-0.872914094891681,-0.26297362141192127
-1.0,-0.9369815188743801,-1.0,-0.25788866510964353,0.5303292145754303,-1.0,4.088421976796345
0.8507507567402418,-0.12520752105898852,-0.15524172363647742,0.3470838817972035,0.21822246968587922,-0.12791322228057722,-0.9440169188914573
1.0,0.2905167905745965,-0.3007052272659692,0.6317345348174584,-1.0,-0.6703960122810987,4.056205363720125
-0.12837023118675783,-1.0,-0.6650608839173052,-1.0,-0.06304011884013239,-1.0,4.094530483758211
-0.11927619997978661,-0.22671133158816703,-0.3640209325619409,0.015839956585710274,0.3227828349212045,-0.044994663588203754,-0.3899333802196191
-0.8210938815190851,-1.0,-0.584182191522334,-0.5273010897736079,-1.0,-1.0,2.1693822821605666
0.9447657439311041,1.0,1.0,1.0,0.5551153405353555,0.8034015836562647,-8.701234714110164
-0.08715083532471146,-1.0,-0.5507498407393677,-1.0,-1.0,-1.0,6.83637211126305
0.9281744210059343,-0.8586154353681155,0.2996940854967186,1.0,1.0,1.0,2.1182279490890425
-1.0,-0.8172675674951118,-1.0,-1.0,-1.0,-1.0,3.6319915119006674
0.9191227216265068,1.0,-0.6072998567884544,0.811334207308628,0.4542860201558878,1.0,2.778139956034259
-0.45078432569079574,-1.0,-0.4824917166293403,-1.0,0.26930979319253934,-1.0,3.9052224303969614
1.0,1.0,1.0,0.9424597642425334,-0.9142076380837589,-0.9162503778491572,8.212468065892308
-0.8620282269082497,-1.0,-0.2374446728306785,-0.8505239792538117,0.8385678944475001,0.9815245286020896,0.15026229283306747
0.16517300828443196,0.6461075412784716,0.20167173619355602,1.0,0.4876162552978822,1.0,2.6012803595556537
0.2660053687571071,-0.2621189694407682,0.7217223569510132,0.13880114963935963,-0.756610921443045,-0.38717333813493215,1.3223567313182731
0.32526060701061044,0.4851416570924654,0.12665743288723363,0.7077039372952195,0.9020787227276559,0.7460996786899303,0.8398627389104172
-0.23288717266090164,-1.0,-0.8613072182925834,-0.9392558787219563,0.006376926756736179,0.7552117072372564,-2.525322416068605
-0.2935480651696434,-0.33344177904233885,-0.18021017483036816,-0.7843807864397954,1.0,1.0,4.531821917280854
-0.8049559610575296,-0.375995668011268,0.10545948639191083,-1.0,0.7145464544947324,0.22795659187166384,2.3887536282271826
-0.4732026384999374,-1.0,-1.0,0.2957585280927797,-0.7360729261767118,-0.6562864001594114,-2.246154518894551
-0.9605573708021212,-1.0,0.9387737847515228,-0.4666833949998545,-0.3196594621846946,-0.39026753520974866,3.6597028571765806
1.0,-0.3287614309597419,0.041979508077103045,0.4079661144757353,0.39135626585571204,0.4540134992019149,-1.790954484654356
-0.5109571891256288,-0.5520091176118992,1.0,-0.25749671278362796,-0.3309014381772165,1.0,-2.7890155155948997
-0.01694360365584835,-0.7674086202452457,-0.3370902849167474,-1.0,-0.9193940356617929,-0.44242947202667815,4.64517603619376
0.20520446056784447,-0.1921636288649674,-0.3099342780195925,0.08368862579768654,1.0,1.0,4.015547850589694
-0.12356808244999945,-1.0,0.7443787480172981,-0.8229858520274426,1.0,0.2710677750229562,-0.5062647173923734
0.7451668343363337,-1.0,-0.327974564284665,-0.4813749156012104,1.0,-0.32327541358329626,-2.4293261929177397
-0.22739585102090298,-1.0,-1.0,-0.2898289405232607,-0.88476738032533,-1.0,0.9413180443767429
0.24767441421836467,0.6405431466697679,0.6365625738281372,0.8486908616019188,-0.3483318984805782,0.5237226762518132,-0.7969285270389458
0.39132695972417275,1.0,0.3113735189111855,1.0,0.14125826228710853,-1.0,3.1227079953279
0.3440949842873601,0.9453124994134634,0.6755955362757362,1.0,1.0,0.8892204239171078,-2.27356243033268
1.0,0.29121273187918395,0.45481441337672346,0.28845843683323613,-0.7968402641555753,-0.9623912350785316,7.495737534594458
0.11388008648183115,0.7218508705809065,-0.23737059187950063,-1.0,-0.6414155006393345,-0.7278010747022602,1.23629964204715
-1.0,-1.0,0.32185300374267234,-0.8121916217573435,0.7062910415146081,1.0,0.6709908029957976
-0.43426616591169376,0.11969161146742258,-0.041521882184644365,0.514725027473036,0.3225926620478008,1.0,2.97099550974818
0.6057403494427127,0.172864098019335,1.0,1.0,0.35083591604837694,0.8124846537246948,-3.3751874649025337
-0.11763800867668539,-0.5089040608469574,0.3823472066963229,0.18834516353122377,1.0,1.0,3.222759825420629
0.3318028709655366,0.3366392768231946,-0.3292308259519594,-0.9411209981209138,0.6083094214017037,0.18644330059267605,0.20293603241104965
-1.0,-1.0,-0.4400182900189532,-0.08000713339355991,0.10504958854496026,0.27498360658912213,-1.944545732045012
1.0,0.40052114880536216,0.9639407994170403,0.8148549756437853,-0.453629609540224,0.47992558270654495,0.8347470335836389
-0.5930147935778256,-1.0,-1.0,-1.0,0.39287873544712704,-0.39617952054138317,-4.660247195215325
-0.2572464599900939,-1.0,-0.3420362346596907,-1.0,0.9874161421485974,0.36411261754152147,-2.2474299685729275
-0.9251641273801777,-0.4675635652439679,0.0180584858306016,0.9987232887376053,-0.26882613135335076,0.8361118297188657,-1.1104387856576614
0.8225888777822693,0.9083216777769174,0.4718802246809949,0.1918443435956701,0.8780497442156637,-1.0,-0.17298376825837544
1.0,-0.2715254391364119,0.718736142644043,-0.3226162729497916,-0.027297496362862772,0.0742867603412719,1.4082238174867812
-1.0,-0.9578057204794295,-0.6855010779411548,-0.37229596947915233,0.7694040165492386,0.5308689142003317,-1.4883401446020128
1.0,0.8162958647973191,1.0,1.0,1.0,-0.18405484536907904,-6.020208480543463
-1.0,-0.2655727582886007,0.5515002912434679,-0.10186109439695462,0.471468032664899,1.0,1.4554512483507602
-0.04085379850078974,-1.0,-0.7471670253685216,-0.6367963287514802,0.23349411559786182,-1.0,2.297522871085281
0.4604123701057571,0.265290954830126,-0.7579792503210095,-0.409655533839001,1.0,-0.7122912935328107,-1.0084602389516821
0.0453852383203866,0.47248931362392055,-0.48915169187543384,-1.0,-1.0,0.9559842644687608,8.133100277307502
-0.04223754951942449,0.5117535494200276,1.0,-0.5189444375637148,0.2595667095211136,1.0,-0.27573132797933037
-0.15797087129095755,-0.4614137660658195,-1.0,-0.31753753359900594,-0.49352166657730734,-0.055316303052680205,-0.4357783825531924
0.9349588755805377,-0.27428028236761426,-0.6449962606319306,0.976957212441226,0.7239935375999922,-0.01424002376682787,-2.069264396309872
0.9542232314505599,0.7897684263585539,1.0,1.0,0.9257000832834397,0.9066589045018868,-8.845143473621816
-0.32124470914511905,0.23696603450137654,-1.0,1.0,0.3519576443509534,-0.22379409000228367,-1.3100610888499513
-0.9338923091988498,-1.0,-1.0,-0.22137353725284936,0.23643388502982687,0.996564423835163,2.2877154051215727
-1.0,-0.38431132091584863,-1.0,-1.0,0.41742818588109043,-0.2730111118072662,-0.9403715585492631
-0.5508670122603513,-1.0,-0.2614933980118197,-1.0,-1.0,0.5999158182800247,2.5957327066474116
0.112233393199131,-0.17678224374274176,-0.498192153820717,-0.7240342855886739,-0.0028426861171288453,-0.6346157455599092,0.5530608130161646
-1.0,-1.0,-0.9273821761248291,-0.7561783374369523,-1.0,0.3948260949392964,-4.0026411323871
0.22408564936830272,-0.4052959902838964,0.5240608946646325,-0.023064204976128724,0.2545506135899682,1.0,0.9251698567705761
0.26232342308178586,0.9013164843578035,-0.4308128245410179,-0.8448160286820946,-0.7781590608316005,0.30540131356731737,4.6048682179663825
1.0,-0.10490011546272499,1.0,1.0,1.0,1.0,-6.056632266077704
-0.20397977474457352,-1.0,0.12938476804705418,-0.1359600698768373,-0.9677131724213315,-0.374275635444442,2.701366162941331
-0.4548358018702299,1.0,0.41076920559652624,0.9441652730708301,1.0,-0.7993063803768212,-0.8831416069114966
-0.5281324642722064,-0.7986547686865897,-0.47803220510030475,0.0549930212318992,0.5026451477555738,0.9911642601006518,3.4739423591479106
0.6184271251473736,0.26653517872037213,0.7200386353520354,0.07613269579780652,1.0,0.6698669340328656,-2.241302213746125
1.0,-0.6305883101361298,-0.5290071267252264,0.14109253211868023,-0.73348484029623,-0.5393926618583037,3.552931683324619
-0.24164449752006117,0.5844743161048357,-0.3657344086645221,-0.45940934176026693,-0.15866825235548487,-1.0,0.8323856409028201
1.0,1.0,1.0,1.0,1.0,-0.4318271338144549,-7.041383084341004
0.2067743144747335,0.02639465445128811,0.26636377130297806,-0.009737778049636048,0.7925697716196165,0.13933256413655287,-0.4935337896900205
0.03384373521095707,0.1882830956018804,0.8801375830257185,0.5582131786997275,-1.0,-0.9740934656061823,1.1773959304031822
0.4525442111008735,-0.3266256876136746,0.36343841716997777,-1.0,1.0,1.0,0.6698036197201233
-1.0,-1.0,0.25848818297530884,-1.0,0.9072552942408675,0.05341057163537122,2.9971175907732044
1.0,0.27370820714181776,0.0711583094303152,1.0,0.6423508802607363,1.0,1.5394385962644748
-0.26686564359019543,-0.6258779882509916,-0.11961877260122633,-0.13537256290672842,-0.04275305146163954,-1.0,3.714712749900233
-0.22077666548484864,-0.6675126314785874,0.25146443594852363,0.13070850436337483,0.5187920266021822,0.8725396817015492,1.386153949904796
-0.39354400090530134,1.0,0.7414519373773646,0.19051165414337068,0.7042167520998994,-0.545094964811011,0.2409006821935915
-0.11800919956508826,1.0,0.39546551809552744,-0.7458522606039564,0.09604785376917735,-0.07886676538933857,-2.0507837250192638
-0.27614930855338,-0.41469063072312573,-0.507690617311274,0.19459221586218023,1.0,0.8404237466879573,3.4877977162559612
0.3832013444641911,0.31816178918632343,0.18653379073098464,-0.8219804762000711,-1.0,1.0,7.1633707655976835
0.3288154051911685,1.0,0.020287232433657265,-0.11310767207233907,1.0,0.521915959164398,1.5994685129191681
-1.0,-1.0,-0.0928873775490231,-0.5088286585774723,-0.7700554390013519,0.40334686188892765,-2.464436583756466
-0.26588018553938264,1.0,-0.5302970438465937,0.45908281709695453,1.0,1.0,9.51089085944205
0.17349272695454876,1.0,0.12916291289622528,-0.23374133202562114,-0.22498834334130224,0.24587590491151667,0.008184043772926974
-0.8765032039653962,-1.0,-0.49501361745471506,-1.0,0.3890318687661155,1.0,-1.922764684390094
0.5807688071149365,-1.0,-0.7312928178109532,-0.47888082950038546,-0.5182858210578684,-0.4187594272163746,1.3055435713646604
0.7688329458023531,-1.0,-1.0,0.8019429841398314,-1.0,0.08575376024332328,2.4005388284296005
0.02811848489681923,1.0,1.0,1.0,1.0,1.0,-6.331360660909784
-0.034555017010945294,-0.40266775237850194,-1.0,-0.7292448514766882,-0.9099336251818523,-0.19204715835494512,-0.44547062119741665
-1.0,-1.0,-1.0,-0.7461727026566596,0.4121042702902106,-1.0,3.4319502190971534
0.9818706503153927,1.0,0.5628878780683877,1.0,-0.8733422463700855,0.4107447409560129,2.8096749530051666
0.13104882970311948,-0.8021375249708429,-1.0,0.5471741768118686,0.03277171209769236,-0.6129204039110203,-0.8606057089836896
-1.0,-0.8374425295017826,0.9464852902494444,-1.0,1.0,1.0,-1.768205606852268
0.14874768907084612,0.03321919439720017,-0.1476059410244519,-1.0,-1.0,-1.0,3.461987664638809
1.0,-0.02194041474369468,-0.6173457823264862,0.920293750233962,0.5264076549190064,0.8964743603505491,1.137473867964503
-0.7573289858257668,-1.0,-1.0,-0.606649272402751,0.7598316277826789,-0.8611275645744043,1.240815067576004
-0.42793105642731444,-0.13321831995063627,-0.9951013724693787,-0.9546844507007972,0.5650210684744907,1.0,6.972304119473774
-1.0,-0.5306039499835186,-0.38745023552838465,-0.06819603767033244,-1.0,-0.07025150744312536,-2.0158478712765238
-0.5344921629470967,0.2505230901157014,-0.48960687784148216,-1.0,-0.8793424264554015,0.6805043104468307,2.7909206213608035
1.0,1.0,1.0,1.0,-1.0,-0.6515020871157129,6.501289570181903
-1.0,-1.0,-1.0,-0.25041633346043857,1.0,-0.0031009468709662924,-5.491116778008778
0.3432195892087029,1.0,0.09602531216447674,1.0,1.0,1.0,2.5879849650770006
-0.7394443583739583,0.027456661896647888,-1.0,-1.0,-1.0,-0.5033210928157081,-1.5549082973314334
-0.27906161834729937,1.0,1.0,0.06433965213304615,1.0,0.0020624034422607185,-1.964899247106626
-0.18753515547010757,0.236592874354855,-1.0,0.24146045074763028,-0.9774024618030304,0.804789287168997,3.4202893840120074
0.057579779777346934,-0.6389973872998089,-1.0,-0.3748064822265804,-0.05196427968165951,-1.0,3.4655714285437846
0.9721381779411129,-0.4843568535412095,-0.1924102890375186,0.3328158331005264,1.0,0.43693165100635034,-2.6576681361304124
-0.5525389463000314,0.6897841729389866,0.6894619303534595,-0.5250361218443824,-0.06832724451185834,-0.04559736571869677,-0.8245812614159614
1.0,1.0,-0.7223779890938471,1.0,-0.1841060710973259,-0.2084520347335112,3.426232908315112
0.7933038142737077,-0.965164011786648,-0.5647098214955084,0.5803204731339533,-0.6339148765276836,0.34614618489388926,1.5672003355440216
-0.8298775782936051,-0.9495349593137834,-1.0,0.40240665085123317,0.038288279112948076,0.9367219445572713,2.9112840083122213
1.0,0.43794716541861106,0.7289057595333055,1.0,1.0,1.0,-2.7273012837530777
1.0,0.4852335829946275,1.0,1.0,-1.0,0.4524473669743669,3.3726532389358606
-0.06590791293438858,-0.7819000996337132,-1.0,0.9934666959527144,-0.8686578221809327,0.7418522181911578,2.304936625417723
-0.13155344571326066,0.6701022808841588,-0.05015168762753974,1.0,0.46352144146286656,0.9430449054100808,1.7616794544458199
0.2229998659330068,-0.9485455259649342,-0.017218338275308276,-0.13875331971947946,-0.8213621115598395,-1.0,4.106153584419246
0.7539361362517698,0.5977933629683643,0.9370834781698024,0.18515075850974005,-1.0,-0.2731134812253857,1.7687417138274388
